{  
   "dateTime":"2018-05-08T22:00:00Z",
   "authorFamily":"Verdi",
   "authorEmail":"antonio.verdi@email.eu",
   "consentCode":"DS-1X",
   "authorApplication":"GALILEO",
   "patientIdFull":"5656401^^^&http://noemalife.com/dm/person#master_key&ISO",
   "patientId":"5656401",
   "patientDescription":"ALIDA ODELLO",
   "actionTypeMin":"U",
   "authorSystem":"2.16.840.1.113883.2.9.4.3.2",
   "authorTelecom":"",
   "extBundleSystem":"xvalue://dedalus.eu/stu3/bundleInstance",
   "authorEmailSystemStu3":"email",
   "relationshipSystemStu3":"xvalue://dedalus.eu/CodeSystem/relationship-role",
   "auditText":"<div xmlns=\\\"http://www.w3.org/1999/xhtml\\\">L'utente NLDSRG65B23D612T ha aggiornato il consenso 2759 per l'assistito 5656401 ALIDA ODELLO <\/div>",
   "authorGiven":"Antonio",
   "organizationsPeople":[  
      {  
         "referencePeople":"0001.0004.133",
         "displayPeople":"Reparto di Cardiologia"
      },
      {  
         "referencePeople":"",
         "displayPeople":"Presidio ospedaliero di Firenze"
      },
      {  
         "referencePeople":"",
         "displayPeople":"Azienda sanitaria locale"
      }
   ],
   "identifierSystemPeople":"http://xvalue.dedalus.eu/fhir/vs/consentStatus",
   "extBundleValue":3283,
   "taxSystemStu3":"urn:oid:2.16.840.1.113883.2.9.4.3.2",
   "periodEnd":"2099-12-30T23:00:00Z",
   "consentSystemPeople":"http://xvalue.dedalus.eu/fhir/vs/consentCategory",
   "extOperationTypeUrl":"http://dedalus.xvalue.eu/stu3/operation-type",
   "authorTelecomSystemStu3":"phone",
   "consentDisplay":"Costituzione del dossier sanitario elettronico (DSE)",
   "auditAuthorRef":"#orgref",
   "identifierSystemStu3":"xvalue://dedalus.eu/stu3/consentInstance",
   "consentSystemStu3":"xvalue://dedalus.eu/CodeSystem/consent-category",
   "patientSystem":"http://noemalife.com/dm/person#master_key",
   "authorId":"NLDSRG65B23D612T",
   "extOperationTypeValue":"UPDATE",
   "actionType":"update",
   "extensions":[  
      {  
         "code":"REQUIRED",
         "url":"http://xvalue.dedalus.eu/fhir/dm/Consent#mandatory"
      },
      {  
         "code":"GALILEO",
         "url":"http://xvalue.dedalus.eu/fhir/dm/Consent#application"
      },
      {  
         "code":"NLDSRG65B23D612T^^^&2.16.840.1.113883.2.9.4.3.2&ISO",
         "url":"http://xvalue.dedalus.eu/fhir/dm/Consent#user"
      }
   ],
   "identifierId":"2759",
   "organizations":[  
      {  
         "ref":"#orgref2",
         "system":"xvalue://dedalus.eu/CodeSystem/organization-type",
         "code":"DEPT",
         "identifierValue":"0001.0004.133",
         "display":"Reparto Ospedaliero",
         "name":"Reparto di Cardiologia",
         "id":"orgref"
      },
      {  
         "ref":"#orgref3",
         "system":"xvalue://dedalus.eu/CodeSystem/organization-type",
         "code":"DIST",
         "display":"Struttura Ospedaliera",
         "name":"Presidio ospedaliero di Firenze",
         "id":"orgref2"
      },
      {  
         "system":"xvalue://dedalus.eu/CodeSystem/organization-type",
         "code":"LHA",
         "display":"Azienda Ospedaliera",
         "name":"Azienda sanitaria locale",
         "id":"orgref3"
      }
   ],
   "periodStart":"2018-05-06T22:00:00Z",
   "extBundleUrl":"http://dedalus.xvalue.eu/stu3/bundleInstance",
   "consentIdVersion":"2759/60",
   "status":"inactive"
}