<config defaultPDP="pdp" defaultAttributeFactory="attr"
	defaultCombiningAlgFactory="comb" defaultFunctionFactory="func">
	<pdp name="pdp">
		<attributeFinderModule class="org.wso2.balana.finder.impl.CurrentEnvModule" />
		<attributeFinderModule class="org.wso2.balana.finder.impl.SelectorModule" />
		<attributeFinderModule class="org.wso2.balana.finder.impl.SelectorModule" />
		<policyFinderModule
			class="eu.dedalus.xvalue.policyengine.pdp.X1v1PolicyFinder" />
	</pdp>
	<attributeFactory name="attr" useStandardDatatypes="true" />
	<functionFactory name="func" useStandardFunctions="true" />
	<combiningAlgFactory name="comb"
		useStandardAlgorithms="true" />
</config>