<configuration>
    <appender class="ch.qos.logback.core.ConsoleAppender" name="stdout">
        <encoder class="net.logstash.logback.encoder.LoggingEventCompositeJsonEncoder">
            <providers>
                <provider class="com.dedalus.openshift.logback.providers.CustomStackTraceJsonProvider">
                    <throwableConverter class="net.logstash.logback.stacktrace.ShortenedThrowableConverter">
                        <!-- maxDepthPerThrowable>full</maxDepthPerThrowable>
                        <maxLength>full</maxLength -->
                        <shortenedClassNameLength>20</shortenedClassNameLength>
                        <exclusions>${STE_EXCLUSIONS}</exclusions>
                        <rootCauseFirst>true</rootCauseFirst>
                    </throwableConverter>
                </provider>
                <provider class="com.dedalus.openshift.logback.providers.CustomCallerDataJsonProvider"/>
                <pattern>
                    <pattern>
                        {
                        "application":"arriettywebservice",
                        "level":"%level",
                        "logger_name":"%logger",
                        "thread_name":"%thread",
                        "message":"%message"
                        }
                    </pattern>
                </pattern>
                <timestamp/>
            </providers>
        </encoder>
    </appender>

    <appender name="stdoutTest" class="ch.qos.logback.core.ConsoleAppender">
        <encoder>
            <pattern>%d{HH:mm:ss.SSS} [%thread] %X{entryUUID}  %-5level %logger{36} - %msg%n</pattern>
        </encoder>
    </appender>

    <!-- appender name="STDOUT" class="ch.qos.logback.core.ConsoleAppender">
        <encoder>
            <pattern>%d{HH:mm:ss.SSS} [%thread] %X{entryUUID}  %-5level %logger{36} - %msg%n</pattern>
        </encoder>
    </appender -->


    <appender name="file" class="ch.qos.logback.core.rolling.RollingFileAppender">
        <file>${catalina.home}/logs/arriettywebservice/arriettywebservice.log</file>
        <rollingPolicy class="ch.qos.logback.core.rolling.FixedWindowRollingPolicy">
            <fileNamePattern>${catalina.home}/logs/arriettywebservice/arriettywebservice.%i.log</fileNamePattern>
            <minIndex>1</minIndex>
            <maxIndex>100</maxIndex>
        </rollingPolicy>
        <triggeringPolicy class="ch.qos.logback.core.rolling.SizeBasedTriggeringPolicy">
            <maxFileSize>1MB</maxFileSize>
        </triggeringPolicy>
        <encoder>
            <pattern>%date %level [%thread] %logger [%file:%line] %msg%n</pattern>
        </encoder>
    </appender>
    
    <logger name="com.jayway.jsonpath.JsonPath" level="ERROR"/>
	<logger name="com.jayway.jsonpath.Criteria" level="ERROR"/>
	<logger name="com.jayway.jsonpath.internal.CompiledPath" level="ERROR"/>
	<logger name="com.jayway.jsonpath.internal.PathCompiler" level="ERROR"/>

    <!-- Abilita il log delle query/insert su mongoDB e traccia la durata delle query su mongoDB -->
    <logger name="eu.dedalus.arrietty.registryb.mongodb.driver.ArriettyMongoDBDriver" level="INFO"/>

    <!-- Abilita il log sulle transazioni MongoDB -->
    <logger name="eu.dedalus.arrietty.registryb.mongodb.driver.MongoDbTransaction" level="INFO" />

    <!-- Abilita il log della classe base delle transazioni IHE -->
    <logger name="eu.dedalus.arrietty.registryb.impl.ArriettyTransactions" level="INFO"/>

    <!-- Abilita il log della transazione DELETE -->
    <logger name="eu.dedalus.arrietty.registryb.impl.ArriettyDeleteDocument" level="INFO"/>

    <!-- Abilita il log delle StoredQuery -->
    <logger name="eu.dedalus.arrietty.registryb.impl.ArriettyStoredQuery" level="INFO"/>

	<!-- Abilita il log della transazione UPDATE -->
	<logger name="eu.dedalus.arrietty.registryb.impl.ArriettyUpdateDocument" level="INFO"/>
	
	<!-- Abilita il log della RegisterDocument -->
	<logger name="eu.dedalus.arrietty.registryb.impl.ArriettyRegisterDocument" level="INFO"/>
	
	<!-- Abilita il log della classe che esegue le query su LHA -->
	<logger name="eu.dedalus.arrietty.registryb.patient.ArriettyLHAPatientValidator" level="ERROR"/>
	
	<!-- Abilita il log della della trasformazione xml -> json -->
	<logger name="eu.dedalus.arrietty.registryb.utils.Xml2Json" level="ERROR"/>
	
	<!--Abilita i log del reader Affinity domain -->
	<logger name="eu.dedalus.arrietty.registryb.affinity.AffinityDomain" level="INFO"/>
	
	<!-- Abilita i log dei Validators -->
	<logger name="eu.dedalus.arrietty.registryb.validators.ArriettyXdsValidator" level="ERROR"/>
	
	<!-- Abilita il log nella servlet visualizza il messaggio soap in ingresso e la risposta in uscita  -->
	<!-- oltre alla lettura dei parametri action msgid ecc -->
	<logger name="eu.dedalus.arrietty.registryb.ArriettyServlet" level="ERROR"/>
	
	<!-- Log del servizio notifica NAV/DSUB -->
	<logger name="eu.dedalus.arrietty.registryb.job.JobNotifyServices" level="INFO"/>
	<!-- Log del servizio notifica NAV/DSUB in errore -->
	<logger name="eu.dedalus.arrietty.registryb.job.JobNotifyErrorServices" level="INFO"/>
	<!-- Log del sistema di notifica -->
	<logger name="eu.dedalus.arrietty.registryb.mongodb.notify.NotifyInterface" level="INFO"/>
	<!-- Log servizio REST -->
	<logger name="eu.dedalus.arrietty.registryb.rest.ArriettyRESTService" level="INFO"/>
	
	<logger name="eu.dedalus.arrietty.notify.NotifyThread" level="INFO"/>

    <root level="INFO">
        <appender-ref ref="${log4jOut}"/>
    </root>
</configuration>
