{
  "LDAP":{
    "ldaps": [
      {
        "ldap_role_attribute_id": "cn",
        "ldap_connect_pool_initsize": "5",
        "ldap_connect_pool_maxsize": "20",
        "ldap_connect_pool_prefsize": "10",
        "ldap_connect_pool_timeout": "300000",
        "ldap_connection_url": "ldap://@ldap.x1v1@:@ldap.server.port@",
        "ldap_embedded_roles_search_filter": "(|(objectClass=*)(objectClass=ldapsubentry))",
        "ldap_role_branch_dn": "ou=Roles,dc=mydomain.com,dc=com",
        "ldap_role_mapping_regex": "cn=(.*?),",
        "ldap_role_membership_attribute_id": "uniqueMember",
        "ldap_roles_search_method": "TREE",
        "ldap_roles_disable": "false",
        "ldap_search_scope": "SUBTREE",
        "ldap_security_password": "secret",
        "ldap_security_principal": "cn=Manager,dc=mydomain.com,dc=com",
        "ldap_user_attribute_id": "uid",
        "ldap_user_properties_to_ds": {
          "subject" : "uid",
          "firstname" : "givenName",
          "email" : "mail" ,
          "lastname" : "sn",
          "entryuuid": "entryUUID"
        },
        "ldap_users_branch_dn": "ou=ReteMmg,dc=mydomain.com,dc=com",
        "ldap_latest_access_in_days":"30",
        "ldap_user_checkLastAccessTime":"true",
        "ldap_user_checkPasswordInsertTime":"true",
        "ldap_user_checkUsernameCase":"true",
        "ldap_user_updateLastAccessTime":"true",
        "ldap_user_dtFirstAccess_attribute_name": "pin",
        "ldap_user_dtLastLogin_attribute_name": "idmStatus"
      }
    ],
    "service_description": "Internal-Dedalus",
    "service_oid": "http://xvalue.dedalus.eu/auth/users",
    "login_change_pwd_endpoint": "https://@public.web.x1v1@/pwp/#/change-pwd/${username}"
  }
}

