        {
            "platformAdminXds": {
                "proxy": "",

                "payloadTemplateHtml" : {
                    "headerTemplate" : "<!DOCTYPE html> <html lang='en' xmlns:o='urn:schemas-microsoft-com:office:office' xmlns:v='urn:schemas-microsoft-com:vml'> <head> <title></title> <meta charset='utf-8'/> <meta content='width=device-width, initial-scale=1.0' name='viewport'/> <!--[if mso]><xml><o:OfficeDocumentSettings><o:PixelsPerInch>96</o:PixelsPerInch><o:AllowPNG/></o:OfficeDocumentSettings></xml><![endif]--> </head> <body style='background-color: #174f91; margin: 0; padding: 0; -webkit-text-size-adjust: none; text-size-adjust: none;'> <table border='0' cellpadding='0' cellspacing='0' class='nl-container' role='presentation' style='mso-table-lspace: 0pt; mso-table-rspace: 0pt; background-color: #174f91;' width='100%'> <tbody> <tr> <td> <table align='center' border='0' cellpadding='0' cellspacing='0' class='' role='presentation' style='mso-table-lspace: 0pt; mso-table-rspace: 0pt;' width='100%'> <tbody> <tr> <td> <table align='center' border='0' cellpadding='0' cellspacing='0' class='row-content stack' role='presentation' style='mso-table-lspace: 0pt; mso-table-rspace: 0pt; background-color: #ffffff; color: #000000; width: 400px;' width='500'> <tbody> <tr> <td class='column' style='mso-table-lspace: 0pt; mso-table-rspace: 0pt; font-weight: 400; text-align: left; vertical-align: top; padding-top: 5px; padding-bottom: 5px; border-top: 0px; border-right: 0px; border-bottom: 0px; border-left: 0px;' width='100%'> <table border='0' cellpadding='0' cellspacing='0' class='image_block' role='presentation' style='mso-table-lspace: 0pt; mso-table-rspace: 0pt;' width='100%'> <tr> <td style='width:100%;padding-right:0px;padding-left:0px;'> <div align='center' style='line-height:10px'><img src='https://upload.wikimedia.org/wikipedia/de/thumb/3/3c/Logo-Dedalus.png/215px-Logo-Dedalus.png' style='display: block; height: auto; border: 0; width: 100px; max-width: 100%;' width='100'/></div> </td> </tr> </table> <table border='0' cellpadding='10' cellspacing='0' class='divider_block' role='presentation' style='mso-table-lspace: 0pt; mso-table-rspace: 0pt;' width='100%'> <tr> <td> <div align='center'> <table border='0' cellpadding='0' cellspacing='0' role='presentation' style='mso-table-lspace: 0pt; mso-table-rspace: 0pt;' width='100%'> <tr> <td class='divider_inner' style='font-size: 1px; line-height: 1px; border-top: 1px solid #BBBBBB;'><span> </span></td> </tr> </table> </div> </td> </tr> </table> <table border='0' cellpadding='10' cellspacing='0' class='text_block' role='presentation' style='mso-table-lspace: 0pt; mso-table-rspace: 0pt; word-break: break-word;' width='100%'> <tr> <td> <div style='font-family: sans-serif'> <div style='font-size: 14px; mso-line-height-alt: 16.8px; color: #555555; line-height: 1.2; font-family: Arial, Helvetica Neue, Helvetica, sans-serif;'>",
                    "footerTemplate" : " </div> </div> </td> </tr> </table> <table border='0' cellpadding='10' cellspacing='0' class='divider_block' role='presentation' style='mso-table-lspace: 0pt; mso-table-rspace: 0pt;' width='100%'> <tr> <td> <div align='center'> <table border='0' cellpadding='0' cellspacing='0' role='presentation' style='mso-table-lspace: 0pt; mso-table-rspace: 0pt;' width='100%'> <tr> <td class='divider_inner' style='font-size: 1px; line-height: 1px; border-top: 1px solid #BBBBBB;'><span> </span></td> </tr> </table> </div> </td> </tr> </table> <table border='0' cellpadding='10' cellspacing='0' class='text_block' role='presentation' style='mso-table-lspace: 0pt; mso-table-rspace: 0pt; word-break: break-word;' width='100%'> <tr> <td> <div style='font-family: sans-serif'> <div style='font-size: 14px; mso-line-height-alt: 16.8px; color: #555555; line-height: 1.2; font-family: Arial, Helvetica Neue, Helvetica, sans-serif;'> <p style='margin: 0; font-size: 14px; text-align: center;'>Powered by <a href='https://www.dedalus.com/' rel='noopener' style='text-decoration: underline; color: #0068A5;' target='_blank'>Dedalus</a></p> </div> </div> </td> </tr> </table> </td> </tr> </tbody> </table> </td> </tr> </tbody> </table> </td> </tr> </tbody> </table> </body> </html>",
                    "style": "<style> * { box-sizing: border-box; } body { margin: 0; padding: 0; } a[x-apple-data-detectors] { color: inherit !important; text-decoration: inherit !important; } #MessageViewBody a { color: inherit; text-decoration: none; } p { line-height: inherit } @media (max-width:520px) { .icons-inner { text-align: center; } .icons-inner td { margin: 0 auto; } .row-content { width: 100% !important; } .stack .column { width: 100%; display: block; } } </style>"
                },
                "payloadTemplateSms" : {
                    "headerTemplate" : "",
                    "footerTemplate" : ""
                },
                "notifyConfiguration": {
                    "rolesPermitted":   "ME;X1V1_MEDICO;X1V1_PERSONALE_TECNICO",
                    "rolesAdminPermitted":    "PSFA-ADMINISTRATOR;supervisor",
                    "subscriptionTopicPrefixUrl" : "http://www.systeminternal.com/topic/",
                    "subscriptionTopicDefaultPrefixUrl" : "http://www.dedalus.eu/",


                    "profileSubscription":   ["http://apiframework.dedalus.eu/fhir/StructureDefinition/Subscription-ForNotification"],
                    "profileSubscriptionTopic":   ["http://apiframework.dedalus.eu/fhir/StructureDefinition/SubscriptionTopic-ForNotification"],
                    "metaTag": {
                        "createdBy":  {
                            "system":   "http://apiframework.dedalus.eu/tag/createdBy",
                            "code":     "NTF2"
                        },
                        "lastUpdatedBy":  {
                            "system":   "http://apiframework.dedalus.eu/tag/lastUpdatedBy",
                            "code":     "NTF2"
                        },
                        "transactionSubscription":  {
                            "system":   "http://apiframework.dedalus.eu/fhir/CodeSystem/DFourTransaction-ForWorkflow",
                            "code":     "NTF-102"
                        },
                        "transactionTopic":  {
                            "system":   "http://apiframework.dedalus.eu/fhir/CodeSystem/DFourTransaction-ForWorkflow",
                            "code":     "NTF-101"
                        },                
                        "groupId":  {
                            "system":   "http://apiframework.dedalus.eu/tag/groupId"
                        }
                    },
                    "reminderTimeEnabledForResources" : ["Appointment"],
                    "subscriptionTopicHide_supportedInteraction_ForResources" : ["Appointment"],

                    "placeholder": "assets/model/placeholder.json",


                    "subscriptionTopicUrlAuto" : true,
                    "recipientMaxLengthSMS" : 320,

                    "capabilityStatementFilter": {
                        "removeResources" : [
                            "es. Resource to exclude",
                            "CodeSystem",
                            "ValueSet",
                            "OperationDefinition"
                        ],
                        "readOnlyResources" : [
                            "es. Resource only for View",
                            "dsub"
                        ],                
                        "removeSearchParamAll" : [
                            "es. SearchParam to exclude",
                            "_id",
                            "_extElements"
                        ],
                        "removeSearchParamCustom": [
                            {
                                "type" : "es. Name Type",
                                "searchParam" : ["es. search param to exclude"]
                            },
                            {
                                "type" : "AuditEvent",
                                "searchParam" : ["_id", "id", "dateFrom", "dateTo", "address", "altid", "documentid", "entities-id", "entity-id", "entity-role", "entity-type", "eventid", "language", "organization-name", "outcome", "date", "_id", "address", "altid", "documentid", "entities-id", "entity-id", "entity-role", "entity-type", "eventid", "language"]
                            },
                            {
                                "type" : "ActivityDefinition",
                                "searchParam" : ["_id"]
                            }
                        ],
                        "_removeOperatorSearchParam" : "Opzione prevista ma non implementata",
                        "removeOperatorSearchParam" :[
                            {
                                "searchParam"   :   "_lastUpdated",
                                "operator"      :   "eq"
                            },
                            {
                                "searchParam"   :   "_tag",
                                "operator"      :   "text"
                            }

                        ],
                        "_removeOperatorFieldType" : "Opzione prevista ma non implementata",
                        "removeOperatorFieldType" :[
                            {
                                "fieldType" :    "date",
                                "operator"  :    "ne"
                            },
                            {
                                "fieldType" :    "token",
                                "operator"  :    "below"
                            }
                        ],


                        "blacklistCriteriaSearchParam" : [
                            "es. Search Param excluded from Query Criteria",
                            "patient",
                            "practitioner",
                            "organization"
                        ],
                        "blacklistFilterBySearchParam" : [
                            "es. Search Param excluded from Filter By"
                        ],
                        "searchParamChooseEndpointReference" : [
                            {
                                "searchParam"   : "patient",
                                "reference"     : "Patient/"
                            },
                            {
                                "searchParam"   : "patientid",
                                "reference"     : "Patient/"
                            },
                            {
                                "searchParam"   : "practitioner",
                                "reference"     : "Practitioner/"
                            },
                            {
                                "searchParam"   : "organization",
                                "reference"     : "Organization/"
                            }

                        ]

                    },

                    "resourcesCriteriaOperators" :"assets/model/admin.notifyCriteriaOperators.json",
                    "subscriptionsConfiguration" :"assets/model/admin.subscriptionsConfiguration.json",
                    "subscriptionsSimpleConfiguration" :"assets/model/admin.subscriptionsSimpleConfiguration.json",
                    "subscriptionsTopicConfiguration" :"assets/model/admin.subscriptionsTopicConfiguration.json",
                    "subscriptionsTopicConfigurationOnlyActive" :"assets/model/admin.subscriptionsTopicConfiguration.onlyActive.json",

                    "subscriptionsTopicTemplateRules"  :   [
                        {
                            "rule":"Role notPermit",
                            "resource":["AuditEvent"],
                            "current":"notPermit"
                        }
                    ],

                    "_ESTENSIONI PER I NUOVI DATI": "owner deve avere reference identifier value, message deve avere valueString, relatedTo come owner, reminderTime contiene valuePositiveInt numero di minuti",
                    "subscriptioOwner" : {
                      "url": "http://apiframework.dedalus.eu/fhir/StructureDefinition/extension-subscription-owner",
                      "valueDemoInstallation" : "NOTENG"
                    },
                    "subscriptionMessagePayload" : {
                        "url": "http://apiframework.dedalus.eu/fhir/StructureDefinition/extension-subscription-messagePayload"
                    },
                    "subscriptionRelatedTo" : {
                        "url": "http://apiframework.dedalus.eu/fhir/StructureDefinition/extension-subscription-relatedTo"
                    },
                    "subscriptionReminderTime" : {
                        "url": "http://apiframework.dedalus.eu/fhir/StructureDefinition/extension-subscription-reminderTime"
                    },

                    "subscriptionCodeSystemsChannelType" : [{
                        "listTypes":["dsub", "ntf-002", "sms"],
                        "system": "http://apiframework.dedalus.eu/fhir/CodeSystem/ChannelTypeCodesExtensions"
                    },
                    {
                        "listTypes":["email", "rest-hook"],
                        "system": "http://apiframework.dedalus.eu/fhir/CodeSystem/ChannelTypeCodesExtensions"
                    }],
                    
                    "subscriptionEndpoints" : [                   
                        {
                        "type" : "PATIENT_RELATIVE",
                        "endpointInput": ["patient", "http://dedalus.eu/patient"],
                        "endpointOutput": "http://dedalus.eu/patient"
                        },
                        {
                        "type" : "PRACTITIONER_RELATIVE",
                        "endpointInput": ["practitioner", "http://dedalus.eu/practitioner"],
                        "endpointOutput": "http://dedalus.eu/practitioner"
                        },   
                        {
                        "type" : "CUSTOM",
                        "endpointInput": ["relatedTo", "http://dedalus.eu/relatedTo"],
                        "endpointOutput": "http://dedalus.eu/relatedTo"
                        }                
                    ],
                    "subscriptionEndpointsPrefixNTF002" : "http://dc4h.dedalus.eu/organizationCompID/",

                    "subscriptionExtensionConfiguration" : {
                        "jsonExpressions": [
                          {
                            "key": "messagePayload",
                            "type": "String",
                            "jpath": "$..[?(@.url == 'http://apiframework.dedalus.eu/fhir/StructureDefinition/extension-subscription-messagePayload')].valueString"
                          },
                          {
                            "key": "owner",
                            "type": "Object",
                            "jpath": "$..[?(@.url == 'http://apiframework.dedalus.eu/fhir/StructureDefinition/extension-subscription-owner')].valueReference"
                          },
                          {
                            "key": "relatedTo",
                            "type": "String",
                            "jpath": "$..[?(@.url == 'http://apiframework.dedalus.eu/fhir/StructureDefinition/extension-subscription-relatedTo')].valueReference.reference"
                          },
                          {
                            "key": "reminderTime",
                            "type": "String",
                            "jpath": "$..[?(@.url == 'http://apiframework.dedalus.eu/fhir/StructureDefinition/extension-subscription-reminderTime')].valuePositiveInt"
                          }
                        ]
                      },
                    "subscriptionReminderTimeList" :
                        [
                            {
                              "value": 0,
                              "field": "subscription_reminder.reminder_time_options.T0"
                            },
                            {
                              "value": 5,
                              "field":"subscription_reminder.reminder_time_options.T5M"
                            },
                            {
                              "value": 10,
                              "field":"subscription_reminder.reminder_time_options.T10M"
                            },
                            {
                              "value": 15,
                              "field":"subscription_reminder.reminder_time_options.T15M"
                            },
                            {
                              "value": 30,
                              "field":"subscription_reminder.reminder_time_options.T30M"
                            },
                            {
                              "value": 60,
                              "field":"subscription_reminder.reminder_time_options.T1H"
                            },
                            {
                              "value": 120,
                              "field":"subscription_reminder.reminder_time_options.T2H"
                            },
                            {
                              "value": 1440,
                              "field":"subscription_reminder.reminder_time_options.T1D"
                            },
                            {
                              "value": 2880,
                              "field":"subscription_reminder.reminder_time_options.T2D"
                            }
                          ]  ,
                    "workflowRetireTopic": {
                        "nextStatusSubscriptionTopic" : "retired",
                        "nextStatusSubscriptionJoin" : "entered-in-error"
                    },
                    "capability": {
                        "DSUB": [
                            {
                                "type": "dsub",
                                "profile": {
                                    "reference": "http://hl7.org/fhir/Profile/dusb"
                                },
                                "searchParam": [ 
                                 
                                    {
                                        "name" :"$XDSDocumentEntryAuthorPerson",
                                        "type" :"string"
                                      },
                                      {
                                        "name" :"$XDSDocumentEntryClassCode",
                                        "type" :"string"
                                    },
                                    {
                                      "name" :"$XDSDocumentEntryEventCodeList",
                                      "type" :"string"
                                    },
                                    {
                                      "name" :"$XDSDocumentEntryConfidentialityCode",
                                      "type" :"string"
                                    },
                                    {
                                        "name" :"$XDSDocumentEntryFormatCode",
                                        "type" :"string"
                                      },                            
                                    {
                                        "name" :"$XDSDocumentEntryHealthcareFacilityTypeCode",
                                        "type" :"string"
                                    },

                                    {
                                        "name" :"$XDSDocumentEntryNosologico",
                                        "type" :"string"
                                      },                            
                                    {
                                        "name" :"$XDSDocumentEntryPatientId",
                                        "type" :"string"
                                    },
                                    {
                                      "name" :"$XDSDocumentEntryPracticeSettingCode",
                                      "type" :"string"
                                    },
                                    {
                                        "name" :"$XDSDocumentEntryReferenceIdList",
                                        "type" :"string"
                                      },

                                      {
                                        "name" :"$XDSDocumentEntryTypeCode",
                                        "type" :"string"
                                      },                              
                                      {
                                        "name" :"$XDSPatientHealthprovider",
                                        "type" :"string"
                                      }  

                                ]
                            }
                          ]
                    }
                },           

                "menu": "assets/model/menu.json",

                "consentCollectorConfiguration": {
                    "readConsentsEndpoint": "/consent-engine/consent/100",
                    "searchConsentBundleUrl": "/consent-engine/consentCollector/patients/bundles?language=@current_lang@",
                    "embedded": true,
                    "consentBundleConfig": "assets/model/admin.consent.consentBundleConfig.json",
                    "identifierValueJpath": "$.identifier[?(@.system == 'urn:oid:2.16.840.1.113883.2.9.3.12.4.1')].value",
                    "identifierSystemCode": "urn:oid:2.16.840.1.113883.2.9.3.12.4.1",
                    "consentStatusToAccess": "active"
                },

                "patientConfiguration": {
                    "fulltextSearchMinLength": 3,
                    "listConfiguration" : {
                        "columns": [
                            {
                                "hide": false,
                                "field": "advanced-search.surname",
                                "jpath": "$.resource.name[0].family",
                                "type": "String"
                            },
                            {
                                "hide": false,
                                "field": "advanced-search.fulltext",
                                "jpath": "$.resource.name[0].given[0]",
                                "type": "String"
                            }, 
                            {
                                "hide": false,
                                "field": "patient-search.taxcode",
                                "jpath": "$.resource.identifier[?(@.system == 'urn:oid:2.16.840.1.113883.2.9.4.3.2')].value",
                                "type": "String"
                            },
                            {
                                "hide": false,
                                "field": "patient-search.gender",
                                "isTranslatable": true,
                                "jpath": "$.resource.gender",
                                "toUpperCase": true,
                                "type": "String"
                            },
                            {
                                "hide": false,
                                "field": "patient-search.birthdate",
                                "jpath": "$.resource.birthDate",
                                "type": "Date"
                            },
                            {
                                "hide": false,
                                "field": "patient-search.BirthPlace",
                                "jpath": "$.resource.extension[?(@.url=='http://hl7.org/fhir/StructureDefinition/birthPlace')].valueAddress.city",
                                "type": "String"
                            },
                            {
                                "hide": false,
                                "field": "common.phonenumber",
                                "jpath": "$.resource.telecom[?(@.system=='phone' && @.use=='work')].value",
                                "type": "String"
                            },
                            {
                                "hide": false,
                                "field": "email",
                                "jpath": "$.resource.telecom[?(@.system=='email' && @.use=='work')].value",
                                "type": "String"
                            },
                            {
                                "hide": false,
                                "field": "patient-search.consent",
                                "type": "Actions",
                                "actions": [
                                    {
                                        "jpath": "$.resource.identifier",
                                        "eventKey": "consentPatient",
                                        "icon": "fa fa-unlock-alt"
                                    }
                                ]
                            },
                            {
                                "hide": false,
                                "field": "patient-search.authorities",
                                "type": "Actions",
                                "actions": [
                                    {
                                        "jpath": "$.resource.identifier",
                                        "eventKey": "showAuthorities",
                                        "icon": "fa fa-users"
                                    }
                                ]
                            }
                        ],
                        "authority": [
                            {
                                "field": "assigningauthorities.assingingauthority",
                                "jpath": "system",
                                "simpleJPath": "assigningauthoritiesassigningauthority",
                                "type": "String",
                                "key": "assingingauthorities"
                            },
                            {
                                "field": "assigningauthorities.assigningauthoritydisplay",
                                "jpath": "type.coding.*.code",
                                "simpleJPath": "assigningauthorityassigningauthorities",
                                "type": "String",
                                "key": "assingingauthoritiesdisplay"
                            },
                            {
                                "field": "assigningauthorities.assigningauthorityvalue",
                                "jpath": "value",
                                "simpleJPath": "assigningauthoritiesesassigningauthorityvalue",
                                "type": "String",
                                "key": "assingingauthoritiesvalue"
                            }
                        ]

                    },
                    "listAdvancedFormDefs"  :   "assets/model/admin.patient.advancedFormDefs.json",
                    "showConsents4List"     :   true,
                    "advancedSearchDefault" :   false
                },

                "patient_userConfiguration": {
                    "favourite": {
                        "show": false
                    }
                },

                "practitionerConfiguration": {
                    "fulltextSearchMinLength": 3,
                    "listConfiguration" : {
                        "columns": [
                            {
                                "hide": false,
                                "field": "advanced-search.surname",
                                "jpath": "$.resource.name[0].family",
                                "type": "String"
                            },
                            {
                                "hide": false,
                                "field": "advanced-search.fulltext",
                                "jpath": "$.resource.name[0].given[0]",
                                "type": "String"
                            }, 
                            {
                                "hide": false,
                                "field": "patient-search.taxcode",
                                "jpath": "$.resource.identifier[?(@.system == 'urn:oid:2.16.840.1.113883.2.9.4.3.2')].value",
                                "type": "String"
                            },
                            {
                                "hide": false,
                                "field": "patient-search.gender",
                                "isTranslatable": true,
                                "jpath": "$.resource.gender",
                                "toUpperCase": true,
                                "type": "String"
                            },
                            {
                                "hide": false,
                                "field": "patient-search.birthdate",
                                "jpath": "$.resource.birthDate",
                                "type": "Date"
                            },
                            {
                                "hide": false,
                                "field": "patient-search.BirthPlace",
                                "jpath": "$.resource.extension[?(@.url=='http://hl7.org/fhir/StructureDefinition/birthPlace')].valueAddress.city",
                                "type": "String"
                            },

                            {
                                "hide": false,
                                "field": "common.phonenumber",
                                "jpath": "$.resource.telecom[?(@.system=='phone' && @.use=='work')].value",
                                "type": "String"
                            },

                            {
                                "hide": false,
                                "field": "email",
                                "jpath": "$.resource.telecom[?(@.system=='email' && @.use=='work')].value",
                                "type": "String"
                            },

                            {
                                "hide": true,
                                "field": "patient-search.consent",
                                "type": "Actions",
                                "actions": [
                                    {
                                        "jpath": "$.resource.identifier",
                                        "eventKey": "consentPractitioner",
                                        "icon": "fa fa-unlock-alt"
                                    }
                                ]
                            },
                            {
                                "hide": false,
                                "field": "patient-search.authorities",
                                "type": "Actions",
                                "actions": [
                                    {
                                        "jpath": "$.resource.identifier",
                                        "eventKey": "showAuthorities",
                                        "icon": "fa fa-users"
                                    }
                                ]
                            }
                        ],

                        "authority": [
                            {
                                "field": "assigningauthorities.assingingauthority",
                                "jpath": "system",
                                "simpleJPath": "assigningauthoritiesassigningauthority",
                                "type": "String",
                                "key": "assingingauthorities"
                            },
                            {
                                "field": "assigningauthorities.assigningauthoritydisplay",
                                "jpath": "type.coding.*.code",
                                "simpleJPath": "assigningauthorityassigningauthorities",
                                "type": "String",
                                "key": "assingingauthoritiesdisplay"
                            },
                            {
                                "field": "assigningauthorities.assigningauthorityvalue",
                                "jpath": "value",
                                "simpleJPath": "assigningauthoritiesesassigningauthorityvalue",
                                "type": "String",
                                "key": "assingingauthoritiesvalue"
                            }
                        ]

                    },
                    "listAdvancedFormDefs": "assets/model/admin.practitioner.advancedFormDefs.json",
                    "showConsents4List": true,
                    "advancedSearchDefault": false
                },

                "organizationConfiguration": {
                    "listConfiguration" : {
                        "columns": [
                            {
                                "hide": false,
                                "field": "organization.name",
                                "jpath": "$.resource.name",
                                "type": "String"
                            },
                            {
                                "hide": false,
                                "field": "organization.id",
                                "jpath": "$.resource.id",
                                "type": "String"
                            }
                        ],

                        "authority": [
                            {
                                "field": "assigningauthorities.assingingauthority",
                                "jpath": "system",
                                "simpleJPath": "assigningauthoritiesassigningauthority",
                                "type": "String",
                                "key": "assingingauthorities"
                            },
                            {
                                "field": "assigningauthorities.assigningauthoritydisplay",
                                "jpath": "type.coding.*.code",
                                "simpleJPath": "assigningauthorityassigningauthorities",
                                "type": "String",
                                "key": "assingingauthoritiesdisplay"
                            },
                            {
                                "field": "assigningauthorities.assigningauthorityvalue",
                                "jpath": "value",
                                "simpleJPath": "assigningauthoritiesesassigningauthorityvalue",
                                "type": "String",
                                "key": "assingingauthoritiesvalue"
                            }
                        ]
                    }
                },
                "header": {
                    "userData": [
                        "family_name",
                        "given_name"
                    ],
                    "showDarkMode": false,
                    "hideLogo": false
                }
            }
        }
