        {
          "logLevel": "TRACE",
          "langs": ["it-IT","en-GB"],
          "i18n": ["core","forms","ui"],
          "contextPath": "/${P_NOTIFIC_ENG_WEB_CONTEXT}",
          "userinfo" :{
            "identifierJpath" : "$.sub",
            "identifierSystemDefault" : "${LOGIN_USER_ID_SYSTEM}"
          },
          "auth":{
            "method": "ds",
            "url": "${P_GRAVITEE_BASEURL}/xdiscovery-service",
            "client_id": "${P_DISCOVERY_CLIENT_ID}",
            "client_secret": "${P_DISCOVERY_CLIENT_SECRET}",
            "postLogoutRedirectUri": "",
            "optionalClaimsd":{"profile": true}
          },
          "hostServer":{
            "ENDPOINT_PATIENT": "${P_GRAVITEE_BASEURL}/people.fhir/fhir",
            "ENDPOINT_PRACTITIONER": "${P_GRAVITEE_BASEURL}/people.fhir/fhir",
            "ENDPOINT_ORGANIZATION": "${P_GRAVITEE_BASEURL}/hpdx/fhir/STU3",
            "Clinical": "${P_GRAVITEE_BASEURL}/x1v1-fhir-clinical/fhir/metadata",
            "PlatformNotifier": "${P_GRAVITEE_BASEURL}/Notification-Engine-service/R5",
            "Audit": "${P_GRAVITEE_BASEURL}/x1v1-arr-service/arr-fhir/metadata",
            "Terminology": "${P_GRAVITEE_BASEURL}/x1v1-fhir-terminology/fhir/CodeSystem?url=http://dc4h.dedalus.eu/fhir/CodeSystem/ApplicationComponentId",
            "CONSENT_MANAGER": "${P_GRAVITEE_BASEURL}",
            "SERVER_API": [{
              "SERVER_API_ENDPOINT": "${P_GRAVITEE_BASEURL}",
              "SERVER_API_HEADERS": "X-Gravitee-Api-Key|${P_GRAVITEE_API_KEY}"
            }]
          },
          "projectInfo": {
          "version": "1.2.0",
          "buildnumber": "d64d567204e268f2b35e42c5897dcc3195a89ee1"
          }
        }
