<?xml version="1.0" encoding="UTF-8" standalone="yes"?>
<PolicySet xmlns="urn:oasis:names:tc:xacml:3.0:core:schema:wd-17" PolicySetId="recupero_riferimento_doc" PolicyCombiningAlgId="urn:oasis:names:tc:xacml:1.0:policy-combining-algorithm:first-applicable" Version="1.0">
    <PolicySetDefaults>
        <XPathVersion>http://www.w3.org/TR/1999/Rec-xpath-19991116</XPathVersion>
    </PolicySetDefaults>
    <Target/>
    <Policy PolicyId="recupero_riferimento_doc.policy.1" Version="1.0" RuleCombiningAlgId="urn:oasis:names:tc:xacml:1.0:rule-combining-algorithm:first-applicable">
        <PolicyDefaults>
            <XPathVersion>http://www.w3.org/TR/1999/Rec-xpath-19991116</XPathVersion>
        </PolicyDefaults>       
        <Target>
            <AnyOf>
                <AllOf>
                    <Match MatchId="urn:oasis:names:tc:xacml:1.0:function:string-equal">
                        <AttributeValue DataType="http://www.w3.org/2001/XMLSchema#string">R</AttributeValue>
                        <AttributeDesignator Category="urn:oasis:names:tc:xacml:3.0:attribute-category:action" AttributeId="urn:oasis:names:tc:xacml:1.0:action:action-id" DataType="http://www.w3.org/2001/XMLSchema#string" MustBePresent="false"/>
                    </Match>
                    <Match MatchId="urn:oasis:names:tc:xacml:1.0:function:string-equal">
                        <AttributeValue DataType="http://www.w3.org/2001/XMLSchema#string">true</AttributeValue>
                        <AttributeDesignator Category="urn:oasis:names:tc:xacml:3.0:attribute-category:consent" AttributeId="urn:oasis:names:tc:xspa:1.0:resource:patient:consent" DataType="http://www.w3.org/2001/XMLSchema#string" MustBePresent="false"/>
                    </Match>
                    <Match MatchId="urn:oasis:names:tc:xacml:1.0:function:string-equal">
                        <AttributeValue DataType="http://www.w3.org/2001/XMLSchema#string">UPDATE</AttributeValue>
                        <AttributeDesignator Category="urn:oasis:names:tc:xacml:3.0:attribute-category:purposeofuse" AttributeId="urn:oasis:names:tc:xspa:1.0:subject:purposeofuse" DataType="http://www.w3.org/2001/XMLSchema#string" MustBePresent="false"/>
                    </Match>
                </AllOf>
            </AnyOf>
        </Target>
        <Rule RuleId="recupero_riferimento_doc.rule_1" Effect="Permit">
            <Target />
            <Condition>
                <Apply FunctionId="urn:oasis:names:tc:xacml:1.0:function:string-at-least-one-member-of">
                    <AttributeDesignator AttributeId="urn:xacml:3.0:subject:subject-role" Category="urn:oasis:names:tc:xacml:1.0:subject-category:access-subject" DataType="http://www.w3.org/2001/XMLSchema#string" MustBePresent="false"></AttributeDesignator>
                        <Apply FunctionId="urn:oasis:names:tc:xacml:1.0:function:string-bag">
                        <AttributeValue DataType="http://www.w3.org/2001/XMLSchema#string">AAS</AttributeValue>
                        <AttributeValue DataType="http://www.w3.org/2001/XMLSchema#string">APR</AttributeValue>
                        <AttributeValue DataType="http://www.w3.org/2001/XMLSchema#string">PSS</AttributeValue>
                        <AttributeValue DataType="http://www.w3.org/2001/XMLSchema#string">INF</AttributeValue>
                        <AttributeValue DataType="http://www.w3.org/2001/XMLSchema#string">FAR</AttributeValue>
                        <AttributeValue DataType="http://www.w3.org/2001/XMLSchema#string">DSA</AttributeValue>
                        <AttributeValue DataType="http://www.w3.org/2001/XMLSchema#string">DMA</AttributeValue>
                        <AttributeValue DataType="http://www.w3.org/2001/XMLSchema#string">OAM</AttributeValue>
                        <AttributeValue DataType="http://www.w3.org/2001/XMLSchema#string">DRS</AttributeValue>
                        <AttributeValue DataType="http://www.w3.org/2001/XMLSchema#string">RSA</AttributeValue>
                        <AttributeValue DataType="http://www.w3.org/2001/XMLSchema#string">MRP</AttributeValue>
                    </Apply>
                 </Apply>
            </Condition>
        </Rule>
    </Policy>
    <Policy PolicyId="recupero_riferimento_doc.policy.deny" Version="1.0" RuleCombiningAlgId="urn:oasis:names:tc:xacml:1.0:rule-combining-algorithm:first-applicable">
        <PolicyDefaults>
            <XPathVersion>http://www.w3.org/TR/1999/Rec-xpath-19991116</XPathVersion>
        </PolicyDefaults>
        <Target/>
        <Rule RuleId="recupero_riferimento_doc.policy_deny" Effect="Deny">
            <Target/>
        </Rule>
    </Policy>
</PolicySet>