<?xml version="1.0" encoding="UTF-8" standalone="yes"?>
<PolicySet xmlns="urn:oasis:names:tc:xacml:3.0:core:schema:wd-17" PolicySetId="OperatorRolePolicy" PolicyCombiningAlgId="urn:oasis:names:tc:xacml:1.0:policy-combining-algorithm:first-applicable" Version="1.0">
	<PolicySetDefaults>
		<XPathVersion>http://www.w3.org/TR/1999/Rec-xpath-19991116</XPathVersion>
	</PolicySetDefaults>
	<Description>
		Pre-condition to active this policy-set for user with role "X1V1_MEDICO". 
	</Description>
	<Target>
		<AnyOf>
			<AllOf>		
				<Match MatchId="urn:oasis:names:tc:xacml:1.0:function:string-equal">
					<AttributeValue DataType="http://www.w3.org/2001/XMLSchema#string">X1V1_MEDICO</AttributeValue>
					<AttributeDesignator Category="urn:oasis:names:tc:xacml:1.0:subject-category:access-subject" AttributeId="urn:xacml:3.0:subject:subject-role" DataType="http://www.w3.org/2001/XMLSchema#string" MustBePresent="false"/>
				</Match>
			</AllOf>
		</AnyOf>
	</Target>
	<Policy PolicyId="OperatorRolePolicy.read" Version="1.0" RuleCombiningAlgId="urn:oasis:names:tc:xacml:1.0:rule-combining-algorithm:first-applicable">
		<PolicyDefaults>
			<XPathVersion>http://www.w3.org/TR/1999/Rec-xpath-19991116</XPathVersion>
		</PolicyDefaults>
		<Description>
			Pre-condition to active this policy. Service shall be called to act a R operation (read).
		</Description>
		<Target>
			<AnyOf>
				<AllOf>
					<Match MatchId="urn:oasis:names:tc:xacml:1.0:function:string-equal">
						<AttributeValue DataType="http://www.w3.org/2001/XMLSchema#string">R</AttributeValue>
						<AttributeDesignator Category="urn:oasis:names:tc:xacml:3.0:attribute-category:action" AttributeId="urn:oasis:names:tc:xacml:1.0:action:action-id" DataType="http://www.w3.org/2001/XMLSchema#string" MustBePresent="false"/>
					</Match>
				</AllOf>
			</AnyOf>
		</Target>
		<Rule RuleId="OperatorRolePolicy.read.isPermit" Effect="Permit">
			<Target />
			<Condition>
				<Apply FunctionId="urn:oasis:names:tc:xacml:1.0:function:or">						
					<Description>
						This condition is valid when:
						(
							TypeCodes is at-least-one-member-of ['77597-3']
						)
						OR
						(
							subject-IDs (extracted from JWT or SAML) is at-least-one-member-of resource-author-IDs
						)
						OR
						(
							subject-ward-IDs (extracted from JWT or SAML) is at-least-one-member-of resource-ward-IDs
						)
						OR
						(
							PatientIdentifier is at-least-one-member-of "NO_PATIENT_IDENTIFIERS"
						)
						OR
						(
							(
								(
								    ConfidentialityCodes is at-least-one-member-of ['V']
  									AND
  									@policy.authConsultationRestricted.code@ with status "active" exists
  								)
  								OR
								(
									ConfidentialityCodes is NOT at-least-one-member-of ['V']
								)
  									    
							)
							AND
							(
								PurposeOfUse is EMERGENCY
								OR
								@policy.authConsultation.code@ with status "active" exists
							)
							AND
							(
								Resource creationTime is greater-than-or-equal @policy.previous.date@
								OR
								@policy.authConsultationPrevious.code@ with status "active" exists
							)
							AND
							(
								Non esiste un @policy.obscuring.patient.code@ con status "active" relativo al paziente
								AND
								Non esiste un @policy.obscuring.event.code@ con status "active" relativo al evento associato
								AND
								Non esiste un @policy.obscuring.document.code@ con status "active" relativo al documento
								AND
								Non esiste un @policy.obscuring.request.code@ con status "active" relativo al documento
							)
						)
					</Description>
					<!-- typeCodes -->
					<Apply FunctionId="urn:oasis:names:tc:xacml:1.0:function:string-at-least-one-member-of">
						<Description>
							This condition evaluates the typeCodes.
						</Description>
						<AttributeDesignator Category="urn:oasis:names:tc:xacml:3.0:attribute-category:environment" AttributeId="urn:xacml:3.0:environment:typeCode" DataType="http://www.w3.org/2001/XMLSchema#string" MustBePresent="false"/>
						<Apply FunctionId="urn:oasis:names:tc:xacml:1.0:function:string-bag">
							<AttributeValue DataType="http://www.w3.org/2001/XMLSchema#string">|77597-3</AttributeValue>
							<AttributeValue DataType="http://www.w3.org/2001/XMLSchema#string">2.16.840.1.113883.6.1|77597-3</AttributeValue>
							<AttributeValue DataType="http://www.w3.org/2001/XMLSchema#string">urn:oid:2.16.840.1.113883.6.1|77597-3</AttributeValue>
						</Apply>
					</Apply>
					<!-- ResourceAuthor -->
					<Apply FunctionId="urn:oasis:names:tc:xacml:1.0:function:string-at-least-one-member-of">
						<Description>
							This condition evaluates the resource authorship, i.e. if subject ID (extracted from JWT or SAML) is equal to resource-author ID.
						</Description>
						<AttributeDesignator Category="urn:oasis:names:tc:xacml:1.0:subject-category:subject" AttributeId="urn:xacml:3.0:subject:subject-id" DataType="http://www.w3.org/2001/XMLSchema#string" MustBePresent="false"/>
						<AttributeDesignator Category="urn:oasis:names:tc:xacml:3.0:attribute-category:environment" AttributeId="urn:xacml:3.0:environment:authorId" DataType="http://www.w3.org/2001/XMLSchema#string" MustBePresent="false"/>
					</Apply>
					<!-- ResourceWard -->
					<Apply FunctionId="urn:oasis:names:tc:xacml:1.0:function:string-at-least-one-member-of">
						<Description>
							This condition evaluates the resource ownership, i.e. if subject-ward ID (extracted from JWT or SAML) is equal to resource-ward ID.
						</Description>
						<AttributeDesignator Category="urn:oasis:names:tc:xacml:3.0:subject-category:ward-subject" AttributeId="urn:xacml:3.0:subject:subject-ward" DataType="http://www.w3.org/2001/XMLSchema#string" MustBePresent="false"/>
						<AttributeDesignator Category="urn:oasis:names:tc:xacml:3.0:attribute-category:environment" AttributeId="urn:xacml:3.0:environment:ward" DataType="http://www.w3.org/2001/XMLSchema#string" MustBePresent="false"/>
					</Apply>
					<!-- PatientDoesntExist -->
					<Apply FunctionId="urn:oasis:names:tc:xacml:1.0:function:string-at-least-one-member-of">
						<AttributeDesignator Category="urn:oasis:names:tc:xacml:3.0:attribute-category:environment" AttributeId="urn:xacml:3.0:environment:patientId" DataType="http://www.w3.org/2001/XMLSchema#string" MustBePresent="false"/>
						<Apply FunctionId="urn:oasis:names:tc:xacml:1.0:function:string-bag">
							<AttributeValue DataType="http://www.w3.org/2001/XMLSchema#string">NO_PATIENT_IDENTIFIERS</AttributeValue>
						</Apply>
					</Apply>
					<Apply FunctionId="urn:oasis:names:tc:xacml:1.0:function:and">
						<Apply FunctionId="urn:oasis:names:tc:xacml:1.0:function:or">
						    <Apply FunctionId="urn:oasis:names:tc:xacml:1.0:function:and">
    							<Apply FunctionId="urn:oasis:names:tc:xacml:1.0:function:string-at-least-one-member-of">
    								<Description>
    									This condition evaluates the consent @policy.authConsultationRestricted.code@_active exists.
    								</Description>
    								<AttributeDesignator Category="urn:oasis:names:tc:xacml:3.0:attribute-category:environment" AttributeId="urn:xacml:3.0:environment:consents" DataType="http://www.w3.org/2001/XMLSchema#string" MustBePresent="false"/>
    								<Apply FunctionId="urn:oasis:names:tc:xacml:1.0:function:string-bag">
    									<AttributeValue DataType="http://www.w3.org/2001/XMLSchema#string">@policy.authConsultationRestricted.code@_active</AttributeValue>
    								</Apply>
    							</Apply>
    							<Apply FunctionId="urn:oasis:names:tc:xacml:1.0:function:string-at-least-one-member-of">
    								<Description>
    									This condition evaluates the ConfidentialityCode in values.
    								</Description>
    								<AttributeDesignator Category="urn:oasis:names:tc:xacml:3.0:attribute-category:environment" AttributeId="urn:xacml:3.0:environment:confidentialityCode" DataType="http://www.w3.org/2001/XMLSchema#string" MustBePresent="false"/>
    								<Apply FunctionId="urn:oasis:names:tc:xacml:1.0:function:string-bag">
    									<AttributeValue DataType="http://www.w3.org/2001/XMLSchema#string">V</AttributeValue>
    								</Apply>
    							</Apply>
    						</Apply>
					        <Apply FunctionId="urn:oasis:names:tc:xacml:1.0:function:not">
    							<Apply FunctionId="urn:oasis:names:tc:xacml:1.0:function:string-at-least-one-member-of">
    								<Description>
    									This condition evaluates the ConfidentialityCode not in values.
    								</Description>
    								<AttributeDesignator Category="urn:oasis:names:tc:xacml:3.0:attribute-category:environment" AttributeId="urn:xacml:3.0:environment:confidentialityCode" DataType="http://www.w3.org/2001/XMLSchema#string" MustBePresent="false"/>
    								<Apply FunctionId="urn:oasis:names:tc:xacml:1.0:function:string-bag">
    									<AttributeValue DataType="http://www.w3.org/2001/XMLSchema#string">V</AttributeValue>
    								</Apply>
    							</Apply>
    						</Apply>
						</Apply>
						<Apply FunctionId="urn:oasis:names:tc:xacml:1.0:function:or">
							<Apply FunctionId="urn:oasis:names:tc:xacml:1.0:function:string-at-least-one-member-of">
								<Description>
									This condition evaluates the EMERGENCY access.
								</Description>
								<AttributeDesignator Category="urn:oasis:names:tc:xacml:1.0:subject-category:purpose-subject" AttributeId="urn:xacml:3.0:subject:subject-purpose" DataType="http://www.w3.org/2001/XMLSchema#string" MustBePresent="false"/>
								<Apply FunctionId="urn:oasis:names:tc:xacml:1.0:function:string-bag">
									<AttributeValue DataType="http://www.w3.org/2001/XMLSchema#string">EMERGENCY</AttributeValue>
								</Apply>
							</Apply>
							<!-- @policy.authConsultation.code@_active -->
							<Apply FunctionId="urn:oasis:names:tc:xacml:1.0:function:string-at-least-one-member-of">
								<Description>
									This condition evaluates the consent @policy.authConsultation.code@_active exists.
								</Description>
								<AttributeDesignator Category="urn:oasis:names:tc:xacml:3.0:attribute-category:environment" AttributeId="urn:xacml:3.0:environment:consents" DataType="http://www.w3.org/2001/XMLSchema#string" MustBePresent="false"/>
								<Apply FunctionId="urn:oasis:names:tc:xacml:1.0:function:string-bag">
									<AttributeValue DataType="http://www.w3.org/2001/XMLSchema#string">@policy.authConsultation.code@_active</AttributeValue>
								</Apply>
							</Apply>
						</Apply>
						<Apply FunctionId="urn:oasis:names:tc:xacml:1.0:function:and">
							<Apply FunctionId="urn:oasis:names:tc:xacml:1.0:function:or">
								<Description>
									This condition evaluates the consent @policy.authConsultationPrevious.code@_active exists or creation time is greather than previos date (config properties).
								</Description>
	        	  				<Apply FunctionId="urn:oasis:names:tc:xacml:1.0:function:any-of-any">
	        	   					<Function FunctionId="urn:oasis:names:tc:xacml:1.0:function:integer-greater-than-or-equal"/>
									<AttributeDesignator Category="urn:oasis:names:tc:xacml:3.0:attribute-category:environment" AttributeId="urn:xacml:3.0:environment:creation-date" DataType="http://www.w3.org/2001/XMLSchema#integer" MustBePresent="false"/>
							        <Apply FunctionId="urn:oasis:names:tc:xacml:1.0:function:integer-bag">
									    <AttributeValue DataType="http://www.w3.org/2001/XMLSchema#integer">@policy.previous.date@</AttributeValue>
								    </Apply>
	        	  				</Apply>
								<Apply FunctionId="urn:oasis:names:tc:xacml:1.0:function:string-at-least-one-member-of">
									<AttributeDesignator Category="urn:oasis:names:tc:xacml:3.0:attribute-category:environment" AttributeId="urn:xacml:3.0:environment:consents" DataType="http://www.w3.org/2001/XMLSchema#string" MustBePresent="false"/>
									<Apply FunctionId="urn:oasis:names:tc:xacml:1.0:function:string-bag">
										<AttributeValue DataType="http://www.w3.org/2001/XMLSchema#string">@policy.authConsultationPrevious.code@_active</AttributeValue>
									</Apply>
								</Apply>
								<Apply FunctionId="urn:oasis:names:tc:xacml:1.0:function:any-of-any">
									<Function FunctionId="urn:oasis:names:tc:xacml:1.0:function:integer-equal"/>
									<AttributeDesignator Category="urn:oasis:names:tc:xacml:3.0:attribute-category:environment" AttributeId="urn:xacml:3.0:environment:creation-date" DataType="http://www.w3.org/2001/XMLSchema#integer" MustBePresent="false"/>
									<Apply FunctionId="urn:oasis:names:tc:xacml:1.0:function:integer-bag">
										<AttributeValue DataType="http://www.w3.org/2001/XMLSchema#integer">0</AttributeValue>
									</Apply>
								</Apply>
							</Apply>
						</Apply>
					    <Apply FunctionId="urn:oasis:names:tc:xacml:1.0:function:not">
								<Description>
									This condition evaluates the consents @policy.obscuring.patient.code@_active, @policy.obscuring.event.code@_active, @policy.obscuring.document.code@_active, @policy.obscuring.request.code@_active  are missing.
								</Description>
							<Apply FunctionId="urn:oasis:names:tc:xacml:1.0:function:string-at-least-one-member-of">
								<AttributeDesignator Category="urn:oasis:names:tc:xacml:3.0:attribute-category:environment" AttributeId="urn:xacml:3.0:environment:consents" DataType="http://www.w3.org/2001/XMLSchema#string" MustBePresent="false"/>
								<Apply FunctionId="urn:oasis:names:tc:xacml:1.0:function:string-bag">
									<AttributeValue DataType="http://www.w3.org/2001/XMLSchema#string">@policy.obscuring.patient.code@_active</AttributeValue>
									<AttributeValue DataType="http://www.w3.org/2001/XMLSchema#string">@policy.obscuring.event.code@_active</AttributeValue>
									<AttributeValue DataType="http://www.w3.org/2001/XMLSchema#string">@policy.obscuring.document.code@_active</AttributeValue>
									<AttributeValue DataType="http://www.w3.org/2001/XMLSchema#string">@policy.obscuring.request.code@_active</AttributeValue>
								</Apply>
							</Apply>
						</Apply>
					</Apply>
				</Apply>			
			</Condition>
		</Rule>
	</Policy>
	<Policy PolicyId="OperatorRolePolicy.otherwise" Version="1.0" RuleCombiningAlgId="urn:oasis:names:tc:xacml:1.0:rule-combining-algorithm:first-applicable">
		<PolicyDefaults>
			<XPathVersion>http://www.w3.org/TR/1999/Rec-xpath-19991116</XPathVersion>
		</PolicyDefaults>
		<Target/>
		<Rule RuleId="OperatorRolePolicy.otherwise.isDeny" Effect="Deny">
			<Target/>
		</Rule>
	</Policy>
</PolicySet>