<?xml version="1.0" encoding="UTF-8"?>
<Configuration status="info" name="Notification-Engine-manager">
    <Properties>
        <Property name="APPENDER" >${sys:log4jOut}</Property>
        <Property name="LOG_DIR" >${sys:catalina.home}/logs/notification-engine</Property>
    </Properties>
    <Appenders>
        <Console name="stdout" target="SYSTEM_OUT">
            <JsonTemplateLayout eventTemplateUri="classpath:JSONEventDedalusLayoutV2.json"
                            locationInfoEnabled="true"
                            stackTraceEnabled="true"
                            maxStringLength="2500"
                            >
                <eventTemplateAdditionalField
                    key="application" value="Notification-Engine-broker"/>
                
                
            </JsonTemplateLayout>
        </Console>
        <RollingFile
            name="file"
            fileName="${LOG_DIR}/notification-engine-broker.log"
            filePattern="${LOG_DIR}/notification-engine-broker-%d{MM-dd-yyyy}-%i.log.gz"
            ignoreExceptions="false"
            createOnDemand="true">
            <PatternLayout>
                <Pattern>%d{yyyy-MM-dd HH:mm:ss,SSS} %-5p %c{1}:%L - %m%n9</Pattern>
            </PatternLayout>
            <Policies>
                <SizeBasedTriggeringPolicy size="5MB" />
            </Policies>
            <DefaultRolloverStrategy max="5" />
        </RollingFile>
    </Appenders>
    <Loggers>
        <Logger name="org.springframework" level="INFO"></Logger>
       <Logger name="eu.dedalus.platform.notifier.driver.mongodb.PlatformNotifierMongoDBDriver" level="INFO"></Logger>
        
        <Logger name="eu.dedalus.platform.notifier.sender.PlatformNotifierSender" level="INFO"></Logger>
        

        <Logger name="eu.dedalus.ftlEngine.wrapper.JsonPathModel" level="ERROR"></Logger>
        <Logger name="org.springframework.context" level="ERROR"></Logger>
        <Logger name="org.springframework.beans" level="ERROR"></Logger>
        <Logger name="org.springframework.ui" level="ERROR"></Logger>
        <Logger name="org.mongodb.driver" level="ERROR"></Logger>
        <Logger name="com.jayway.jsonpath" level="ERROR"></Logger>
        <Logger name="org.apache.http" level="ERROR"></Logger>
     
        
        <Root level="INFO">
            <AppenderRef ref="${APPENDER}"/>
        </Root>
    </Loggers>
</Configuration>