{
    "_id" : "20210212162535972",
    "notificType" : "conceptMap",
    "name" : "",
    "description" : "Concept Map config test",
    "creationDate" : "",
    "activeDate" : "2020-03-12",
    "expiryDate" : "2029-03-12",
    "note" : "",
    "author" : "",
    "priority" : 0,
    "passAll" : true,
    "rules" : [],
    "sendMethods" : [ 
        {
            "method" : "EMAIL",
            "label" : "SendMailTo",
            "sendTo" : [],
            "status" : false,
            "codeSystem" : "",
            "message" : "",
            "viewNote" : true
        }, 
        {
            "method" : "SMS",
            "label" : "SendSMSTo",
            "sendTo" : [],
            "status" : false,
            "codeSystem" : "",
            "message" : "",
            "viewNote" : true
        }, 
        {
            "method" : "WHATSAPP",
            "label" : "SendWhatsAppMessageTo",
            "sendTo" : [],
            "status" : false,
            "codeSystem" : "",
            "message" : "",
            "viewNote" : true
        }, 
        {
            "method" : "QUARNESS",
            "label" : "SendQuarnessMessageTo",
            "sendTo" : [],
            "status" : false,
            "codeSystem" : "",
            "message" : "",
            "viewNote" : true
        }, 
        {
            "method" : "APPLICATION",
            "label" : "SendNotificationTo",
            "sendTo" : [ 
                {
                    "code" : "DEDATEST",
                    "display" : "DEDATEST",
                    "translateDisplay" : "DEDATEST",
                    "sendResource" : false,
                    "sendElements" : false
                }
            ],
            "status" : true,
            "codeSystem" : "xvalue://dedalus.eu/CodeSystem/SourceIdentifiers",
            "message" : "",
            "viewNote" : false
        }
    ],
    "source" : [],
    "user" : "NLDSRG65B23D612T",
    "id" : "20200312162535972",
    "insertDateLong" : 20200312162535,
    "insertDate" : "2019-06-20",
    "activeDateLong" : 20200312000000,
    "expiryDateLong" : 20290312000000
}