{
    "_id" : "20200219085740915",
    "notificType" : "observation",
    "name" : "",
    "description" : "Test ematocrito",
    "creationDate" : "",
    "activeDate" : "2020-02-19",
    "expiryDate" : "2030-02-19",
    "note" : "",
    "author" : "",
    "priority" : "5",
    "passAll" : false,
    "rules" : [ 
        {
            "valueSet" : "xvalue://dedalus.eu/ValueSet/emocromo",
            "code" : "4241",
            "definition" : "Ematocrito",
            "valueType" : "number",
            "path" : "//Observation/component[code/coding[code[@value='10013']][system[@value='http://apiframework.dedalus.eu/identifiers/DN']]]/valueQuantity/value/@value",
            "priority" : true,
            "parameter" : "code=10013&value-quantity=@operation@@value@&date=ge@dateFrom@&date=le@dateTo@",
            "previous" : 43800,
            "after" : 24,
            "value" : 60,
            "operation" : "gt"
        }
    ],
    "sendMethods" : [ 
        {
            "method" : "EMAIL",
            "label" : "SendMailTo",
            "sendTo" : [],
            "status" : false,
            "codeSystem" : "",
            "message" : "",
            "viewNote" : true
        }, 
        {
            "method" : "SMS",
            "label" : "SendSMSTo",
            "sendTo" : [],
            "status" : false,
            "codeSystem" : "",
            "message" : "",
            "viewNote" : true
        }, 
        {
            "method" : "WHATSAPP",
            "label" : "SendWhatsAppMessageTo",
            "sendTo" : [],
            "status" : false,
            "codeSystem" : "",
            "message" : "",
            "viewNote" : true
        }, 
        {
            "method" : "QUARNESS",
            "label" : "SendQuarnessMessageTo",
            "sendTo" : [ 
                {
                    "code" : "genPractitioner",
                    "display" : "GeneralPractitioner",
                    "translateDisplay" : "Medico di base"
                }
            ],
            "status" : true,
            "codeSystem" : "",
            "message" : "",
            "viewNote" : true
        }, 
        {
            "method" : "APPLICATION",
            "label" : "SendNotificationTo",
            "sendTo" : [],
            "status" : false,
            "codeSystem" : "xvalue://dedalus.eu/CodeSystem/SourceIdentifiers",
            "message" : "",
            "viewNote" : false
        }
    ],
    "source" : [],
    "user" : "NLDSRG65B23D612T",
    "id" : "20200219085740915",
    "insertDateLong" : 20200219085740,
    "insertDate" : "2020-02-19",
    "activeDateLong" : 20200219000000,
    "expiryDateLong" : 20300219000000
}