{
    "_id" : "20191025152913056",
    "notificType" : "observation",
    "name" : "",
    "description" : "Tempo di Protrombina > 3",
    "creationDate" : "",
    "activeDate" : "2019-10-25",
    "expiryDate" : "2029-10-25",
    "note" : "",
    "author" : "",
    "priority" : "5",
    "passAll" : false,
    "rules" : [ 
        {
            "valueSet" : "xvalue://dedalus.eu/ValueSet/protrombina",
            "code" : "4241",
            "definition" : "Tempo di Protrombina (PT-INR).",
            "valueType" : "number",
            "path" : "//Observation/component[code/coding[code[@value='4241']][system[@value='http://apiframework.dedalus.eu/identifiers/DN']]]/valueQuantity/value/@value",
            "priority" : true,
            "parameter" : "code=4241&value-quantity=@operation@@value@&date=ge@dateFrom@&date=le@dateTo@",
            "previous" : 43800,
            "after" : 24,
            "value" : 3,
            "operation" : "gt"
        }
    ],
    "sendMethods" : [ 
        {
            "method" : "EMAIL",
            "label" : "SendMailTo",
            "sendTo" : [ 
                {
                    "code" : "genPractitioner",
                    "display" : "GeneralPractitioner",
                    "translateDisplay" : "Medico di base"
                }
            ],
            "status" : true,
            "codeSystem" : "",
            "message" : "",
            "viewNote" : true
        }, 
        {
            "method" : "SMS",
            "label" : "SendSMSTo",
            "sendTo" : [],
            "status" : false,
            "codeSystem" : "",
            "message" : "",
            "viewNote" : true
        }, 
        {
            "method" : "WHATSAPP",
            "label" : "SendWhatsAppMessageTo",
            "sendTo" : [],
            "status" : false,
            "codeSystem" : "",
            "message" : "",
            "viewNote" : true
        }, 
        {
            "method" : "QUARNESS",
            "label" : "SendQuarnessMessageTo",
            "sendTo" : [ 
                {
                    "code" : "genPractitioner",
                    "display" : "GeneralPractitioner",
                    "translateDisplay" : "Medico di base"
                }
            ],
            "status" : false,
            "codeSystem" : "",
            "message" : "Tempo di Protrombina > 3",
            "viewNote" : true
        }, 
        {
            "method" : "APPLICATION",
            "label" : "SendNotificationTo",
            "sendTo" : [ 
                {
                    "code" : "DEDATEST",
                    "display" : "DEDATEST",
                    "translateDisplay" : "DEDATEST",
                    "sendResource" : false,
                    "sendElements" : false
                }
            ],
            "status" : true,
            "codeSystem" : "xvalue://dedalus.eu/CodeSystem/SourceIdentifiers",
            "message" : "",
            "viewNote" : false
        }
    ],
    "source" : [],
    "user" : "NLDSRG65B23D612T",
    "id" : "20191025152913056",
    "insertDateLong" : 20191025152913,
    "insertDate" : "2019-10-25",
    "activeDateLong" : 20191025000000,
    "expiryDateLong" : 20291025000000
}