{
    "_id" : "20190620162535972",
    "notificType" : "task",
    "name" : "",
    "description" : "task config test",
    "creationDate" : "",
    "activeDate" : "2019-06-17",
    "expiryDate" : "2029-06-17",
    "note" : "",
    "author" : "",
    "priority" : 0,
    "passAll" : true,
    "rules" : [],
    "sendMethods" : [ 
        {
            "method" : "EMAIL",
            "label" : "SendMailTo",
            "sendTo" : [],
            "status" : false,
            "codeSystem" : "",
            "message" : "",
            "viewNote" : true
        }, 
        {
            "method" : "SMS",
            "label" : "SendSMSTo",
            "sendTo" : [],
            "status" : false,
            "codeSystem" : "",
            "message" : "",
            "viewNote" : true
        }, 
        {
            "method" : "WHATSAPP",
            "label" : "SendWhatsAppMessageTo",
            "sendTo" : [],
            "status" : false,
            "codeSystem" : "",
            "message" : "",
            "viewNote" : true
        }, 
        {
            "method" : "QUARNESS",
            "label" : "SendQuarnessMessageTo",
            "sendTo" : [],
            "status" : false,
            "codeSystem" : "",
            "message" : "",
            "viewNote" : true
        }, 
        {
            "method" : "APPLICATION",
            "label" : "SendNotificationTo",
            "sendTo" : [ 
                {
                    "code" : "AISCore-Ospedale1",
                    "display" : "AISCore-Ospedale1",
                    "translateDisplay" : "AISCore-Ospedale1",
                    "sendResource" : false,
                    "sendElements" : false
                }, 
                {
                    "code" : "DNLAB",
                    "display" : "DNLAB",
                    "translateDisplay" : "DNLAB",
                    "sendResource" : false,
                    "sendElements" : false
                }, 
                {
                    "code" : "D4LAB",
                    "display" : "D4LAB",
                    "translateDisplay" : "D4LAB",
                    "sendResource" : false,
                    "sendElements" : false
                }, 
                {
                    "code" : "P4C",
                    "display" : "P4C",
                    "translateDisplay" : "P4C",
                    "sendResource" : false,
                    "sendElements" : false
                }
            ],
            "status" : true,
            "codeSystem" : "xvalue://dedalus.eu/CodeSystem/SourceIdentifiers",
            "message" : "",
            "viewNote" : false
        }
    ],
    "source" : [],
    "user" : "NLDSRG65B23D612T",
    "id" : "20190620162535972",
    "insertDateLong" : 20190620162535,
    "insertDate" : "2019-06-20",
    "activeDateLong" : 20190617000000,
    "expiryDateLong" : 20290617000000
}