{
    
    "templateType" : "EMAIL",
    "label" : "E-MAIL",
    "user" : "NLDSRG65B23D612T",
    "templates" : [ 
        {
            "code" : "patient",
            "label" : "Template e-mail to Department",
            "template" : "<!DOCTYPE html SYSTEM 'http://www.w3.org/TR/xhtml1/DTD/xhtml1-transitional.dtd'><html><head><meta http-equiv='Content-Type' content='text/html; charset=UTF-8'><meta name='Generator' content='Microsoft Word 14 (filtered medium)'><title>Allert Medico</title></head><body lang='IT' link='blue' vlink='purple'><div class='WordSection1'><p class='MsoNormal'><font size='2' color='#262626' face='Verdana'><table class='MsoNormalTabl=e' border='0' cellspacing='0' cellpadding='0' width='630' style='width:472.5pt'><tr><td width='630' style='width:472.5pt;border:none;border-bottom:solid #cccccc 1.0pt;padding:0cm 0cm 0cm 0cm'><table class='Mso' NormalTable' border='0' cellspacing='0' cellpadding='0' width='630' style='width:472.5pt'><tr><td width='315' style='width:236.25pt;padding:0cm 0cm 0cm 0cm'><p class='MsoNormal'><font size='3' face='Arial'><span style='font-size:12.0pt'/></font></p></td></tr></table></td></tr><tr><td width='630' style='width:472.5pt;padding:15.0pt 0cm 15.0pt 0cm'><div style='margin-bottom:15.0pt'><p class='MsoNormal'><font size='3' face='Arial'><span style='font-size:12.0pt'>Gentile Dot. <strong><b><font face='Arial'>@patientGiven@ @patientFamily@</font></b></strong></span></font></p></div><div style='margin-bottom:15.0pt'><p class='MsoNormal'><font size='3' face='Arial'><span style='font-size:12.0pt'>La informiamo che...</span></font></p></div></td></tr></table><p class='MsoNormal'><font size='3' face='Arial'><span style='font-size:12.0pt'/></font></p></div></body></html>",
            "note" : "Use Placeholder @patientGiven@, @patientFamily@, @patientBirthdate@, @patientIdentifCF@, @genPractGiven@, @genPractFamily@, @genPractIdentifCF@, @note@"
        }, 
        {
            "code" : "genPractitioner",
            "label" : "Template e-mail to General Practitioner",
            "template" : "<!DOCTYPE html SYSTEM \"http://www.w3.org/TR/xhtml1/DTD/xhtml1-transitional.dtd\"><html><head><meta http-equiv=\"Content-Type\" content=\"text/html; charset=UTF-8\"><meta name=\"Generator\" content=\"Microsoft Word 14 (filtered medium)\"><title>Allert Medico</title></head><body lang=\"IT\" link=\"blue\" vlink=\"purple\"><div class=\"WordSection1\"><p class=\"MsoNormal\"><font size=\"2\" color=\"#262626\" face=\"Verdana\"><table class=\"MsoNormalTabl=e\" border=\"0\" cellspacing=\"0\" cellpadding=\"0\" width=\"630\" style=\"width:472.5pt\"><tr><td width=\"630\" style=\"width:472.5pt;border:none;border-bottom:solid #cccccc 1.0pt;padding:0cm 0cm 0cm 0cm\"><table class=\"Mso\" NormalTable\" border=\"0\" cellspacing=\"0\" cellpadding=\"0\" width=\"630\" style=\"width:472.5pt\"><tr><td width=\"315\" style=\"width:236.25pt;padding:0cm 0cm 0cm 0cm\"><p class=\"MsoNormal\"><font size=\"3\" face=\"Arial\"><span style=\"font-size:12.0pt\"/></font></p></td></tr></table></td></tr><tr><td width=\"630\" style=\"width:472.5pt;padding:15.0pt 0cm 15.0pt 0cm\"><div style=\"margin-bottom:15.0pt\"><p class=\"MsoNormal\"><font size=\"3\" face=\"Arial\"><span style=\"font-size:12.0pt\">Gentile Dot. <strong><b><font face=\"Arial\">@genPractGiven@ @genPractFamily@</font></b></strong></span></font></p></div><div style=\"margin-bottom:15.0pt\"><p class=\"MsoNormal\"><font size=\"3\" face=\"Arial\"><span style=\"font-size:12.0pt\">Il paziente @patientGiven@ @patientFamily@ necessita di...</span></font></p></div></td></tr></table><p class=\"MsoNormal\"><font size=\"3\" face=\"Arial\"><span style=\"font-size:12.0pt\"/></font></p></div></body></html>",
            "note" : "Use Placeholder @patientGiven@, @patientFamily@, @patientBirthdate@, @patientIdentifCF@, @genPractGiven@, @genPractFamily@, @genPractIdentifCF@, @note@"
        }, 
        {
            "code" : "caregiverOrTutor",
            "label" : "Template e-mail to Caregiver/Tutor",
            "template" : "<!DOCTYPE html SYSTEM 'http://www.w3.org/TR/xhtml1/DTD/xhtml1-transitional.dtd'><html><head><meta http-equiv='Content-Type' content='text/html; charset=UTF-8'><meta name='Generator' content='Microsoft Word 14 (filtered medium)'><title>Allert Medico</title></head><body lang='IT' link='blue' vlink='purple'><div class='WordSection1'><p class='MsoNormal'><font size='2' color='#262626' face='Verdana'><table class='MsoNormalTabl=e' border='0' cellspacing='0' cellpadding='0' width='630' style='width:472.5pt'><tr><td width='630' style='width:472.5pt;border:none;border-bottom:solid #cccccc 1.0pt;padding:0cm 0cm 0cm 0cm'><table class='Mso' NormalTable' border='0' cellspacing='0' cellpadding='0' width='630' style='width:472.5pt'><tr><td width='315' style='width:236.25pt;padding:0cm 0cm 0cm 0cm'><p class='MsoNormal'><font size='3' face='Arial'><span style='font-size:12.0pt'/></font></p></td></tr></table></td></tr><tr><td width='630' style='width:472.5pt;padding:15.0pt 0cm 15.0pt 0cm'><div style='margin-bottom:15.0pt'><p class='MsoNormal'><font size='3' face='Arial'><span style='font-size:12.0pt'>Gentile Dot. <strong><b><font face='Arial'>@patientGiven@ @patientFamily@</font></b></strong></span></font></p></div><div style='margin-bottom:15.0pt'><p class='MsoNormal'><font size='3' face='Arial'><span style='font-size:12.0pt'>La informiamo che...</span></font></p></div></td></tr></table><p class='MsoNormal'><font size='3' face='Arial'><span style='font-size:12.0pt'/></font></p></div></body></html>",
            "note" : "Use Placeholder @patientGiven@, @patientFamily@, @patientBirthdate@, @patientIdentifCF@, @genPractGiven@, @genPractFamily@, @genPractIdentifCF@, @note@"
        }, 
        {
            "code" : "department",
            "label" : "Template e-mail to Department",
            "template" : "<!DOCTYPE html SYSTEM 'http://www.w3.org/TR/xhtml1/DTD/xhtml1-transitional.dtd'><html><head><meta http-equiv='Content-Type' content='text/html; charset=UTF-8'><meta name='Generator' content='Microsoft Word 14 (filtered medium)'><title>Allert Medico</title></head><body lang='IT' link='blue' vlink='purple'><div class='WordSection1'><p class='MsoNormal'><font size='2' color='#262626' face='Verdana'><table class='MsoNormalTabl=e' border='0' cellspacing='0' cellpadding='0' width='630' style='width:472.5pt'><tr><td width='630' style='width:472.5pt;border:none;border-bottom:solid #cccccc 1.0pt;padding:0cm 0cm 0cm 0cm'><table class='Mso' NormalTable' border='0' cellspacing='0' cellpadding='0' width='630' style='width:472.5pt'><tr><td width='315' style='width:236.25pt;padding:0cm 0cm 0cm 0cm'><p class='MsoNormal'><font size='3' face='Arial'><span style='font-size:12.0pt'/></font></p></td></tr></table></td></tr><tr><td width='630' style='width:472.5pt;padding:15.0pt 0cm 15.0pt 0cm'><div style='margin-bottom:15.0pt'><p class='MsoNormal'><font size='3' face='Arial'><span style='font-size:12.0pt'>Gentile Dot. <strong><b><font face='Arial'>@patientGiven@ @patientFamily@</font></b></strong></span></font></p></div><div style='margin-bottom:15.0pt'><p class='MsoNormal'><font size='3' face='Arial'><span style='font-size:12.0pt'>La informiamo che...</span></font></p></div></td></tr></table><p class='MsoNormal'><font size='3' face='Arial'><span style='font-size:12.0pt'/></font></p></div></body></html>",
            "note" : "Use Placeholder @patientGiven@, @patientFamily@, @patientBirthdate@, @patientIdentifCF@, @genPractGiven@, @genPractFamily@, @genPractIdentifCF@, @note@"
        }, 
        {
            "code" : "practitionerInCharge",
            "label" : "<!DOCTYPE html SYSTEM 'http://www.w3.org/TR/xhtml1/DTD/xhtml1-transitional.dtd'><html><head><meta http-equiv='Content-Type' content='text/html; charset=UTF-8'><meta name='Generator' content='Microsoft Word 14 (filtered medium)'><title>Allert Medico</title></head><body lang='IT' link='blue' vlink='purple'><div class='WordSection1'><p class='MsoNormal'><font size='2' color='#262626' face='Verdana'><table class='MsoNormalTabl=e' border='0' cellspacing='0' cellpadding='0' width='630' style='width:472.5pt'><tr><td width='630' style='width:472.5pt;border:none;border-bottom:solid #cccccc 1.0pt;padding:0cm 0cm 0cm 0cm'><table class='Mso' NormalTable' border='0' cellspacing='0' cellpadding='0' width='630' style='width:472.5pt'><tr><td width='315' style='width:236.25pt;padding:0cm 0cm 0cm 0cm'><p class='MsoNormal'><font size='3' face='Arial'><span style='font-size:12.0pt'/></font></p></td></tr></table></td></tr><tr><td width='630' style='width:472.5pt;padding:15.0pt 0cm 15.0pt 0cm'><div style='margin-bottom:15.0pt'><p class='MsoNormal'><font size='3' face='Arial'><span style='font-size:12.0pt'>Gentile Dot. <strong><b><font face='Arial'>@patientGiven@ @patientFamily@</font></b></strong></span></font></p></div><div style='margin-bottom:15.0pt'><p class='MsoNormal'><font size='3' face='Arial'><span style='font-size:12.0pt'>La informiamo che...</span></font></p></div></td></tr></table><p class='MsoNormal'><font size='3' face='Arial'><span style='font-size:12.0pt'/></font></p></div></body></html>",
            "template" : "Dear @patientGiven@, @patientFamily@...",
            "note" : "Use Placeholder @patientGiven@, @patientFamily@, @patientBirthdate@, @patientIdentifCF@, @genPractGiven@, @genPractFamily@, @genPractIdentifCF@, @note@"
        }
    ],
    
    "updateUser" : "NLDSRG65B23D612T"
}