{
    
    "templateType" : "QUARNESS",
    "label" : "QUARNESS",
    "user" : "NLDSRG65B23D612T",
    "templates" : [ 
        {
            "code" : "patient",
            "label" : "Template QUARNESS to Department",
            "template" : "Notification for patient: @patientGiven@ @patientFamily@ Birthdate: @patientBirthdate@ and Identifier: @patientIdentifCF@",
            "note" : "Use Placeholder @patientGiven@, @patientFamily@, @patientBirthdate@, @patientIdentifCF@, @genPractGiven@, @genPractFamily@, @genPractIdentifCF@, @note@, @observationsResults@"
        }, 
        {
            "code" : "genPractitioner",
            "label" : "Template QUARNESS to General Practitioner",
            "template" : "Gentile @patientFamily@ @patientGiven@, le trasmettiamo il risultato del @observationsResults@. @note@",
            "note" : "Use Placeholder @patientGiven@, @patientFamily@, @patientBirthdate@, @patientIdentifCF@, @genPractGiven@, @genPractFamily@, @genPractIdentifCF@, @note@, @observationsResults@"
        }, 
        {
            "code" : "caregiverOrTutor",
            "label" : "Template QUARNESS to Caregiver/Tutor",
            "template" : "Notification for patient: @patientGiven@ @patientFamily@",
            "note" : "Use Placeholder @patientGiven@, @patientFamily@, @patientBirthdate@, @patientIdentifCF@, @genPractGiven@, @genPractFamily@, @genPractIdentifCF@, @note@, @observationsResults@"
        }, 
        {
            "code" : "department",
            "label" : "Template QUARNESS to Department",
            "template" : "Notification to Department for patient: @patientGiven@ @patientFamily@: observation results: @observationsResults@, note: @note@",
            "note" : "Use Placeholder @patientGiven@, @patientFamily@, @patientBirthdate@, @patientIdentifCF@, @genPractGiven@, @genPractFamily@, @genPractIdentifCF@, @note@, @observationsResults@"
        }, 
        {
            "code" : "practitionerInCharge",
            "label" : "Template QUARNESS to Practitioner who has it in charge",
            "template" : "Notification for patient: @patientGiven@ @patientFamily@",
            "note" : "Use Placeholder @patientGiven@, @patientFamily@, @patientBirthdate@, @patientIdentifCF@, @genPractGiven@, @genPractFamily@, @genPractIdentifCF@, @note@, @observationsResults@"
        }
    ]
}