{
    
    "templateType" : "SMS",
    "label" : "SMS",
    "user" : "NLDSRG65B23D612T",
    "templates" : [ 
        {
            "code" : "patient",
            "label" : "Template SMS to Department",
            "template" : "",
            "note" : "Use Placeholder @patientGiven@, @patientFamily@, @note@"
        }, 
        {
            "code" : "genPractitioner",
            "label" : "Template SMS to General Practitioner",
            "template" : "",
            "note" : "Use Placeholder @patientGiven@, @patientFamily@, @note@"
        }, 
        {
            "code" : "caregiverOrTutor",
            "label" : "Template SMS to Caregiver/Tutor",
            "template" : "",
            "note" : "Use Placeholder @patientGiven@, @patientFamily@, @note@"
        }, 
        {
            "code" : "department",
            "label" : "Template SMS to Department",
            "template" : "",
            "note" : "Use Placeholder @patientGiven@, @patientFamily@, @note@"
        }, 
        {
            "code" : "practitionerInCharge",
            "label" : "Template SMS to Practitioner who has it in charge",
            "template" : "",
            "note" : "Use Placeholder @patientGiven@, @patientFamily@, @note@"
        }
    ]
    
}