{
    
    "templateType" : "WHATSAPP",
    "label" : "WHATSAPP",
    "user" : "NLDSRG65B23D612T",
    "templates" : [ 
        {
            "code" : "patient",
            "label" : "Template WHATSAPP to Department",
            "template" : "",
            "note" : "Use Placeholder @patientGiven@, @patientFamily@, @note@"
        }, 
        {
            "code" : "genPractitioner",
            "label" : "Template WHATSAPP to General Practitioner",
            "template" : "",
            "note" : "Use Placeholder @patientGiven@, @patientFamily@, @note@"
        }, 
        {
            "code" : "caregiverOrTutor",
            "label" : "Template WHATSAPP to Caregiver/Tutor",
            "template" : "",
            "note" : "Use Placeholder @patientGiven@, @patientFamily@, @note@"
        }, 
        {
            "code" : "department",
            "label" : "Template WHATSAPP to Department",
            "template" : "",
            "note" : "Use Placeholder @patientGiven@, @patientFamily@, @note@"
        }, 
        {
            "code" : "practitionerInCharge",
            "label" : "Template WHATSAPP to Practitioner who has it in charge",
            "template" : "",
            "note" : "Use Placeholder @patientGiven@, @patientFamily@, @note@"
        }
    ]
}