        {
          "logLevel": "TRACE",
          "langs": ["it-IT","en-GB"],
          "i18n": ["core","forms","ui"],
          "contextPath": "/${P_NOTIFIC_ENG_WEB_CONTEXT}",
          "auth": {
            "method": "ds",
            "url": "${P_DISCORVERY_SERVICE}/xdiscovery-service",
            "client_id": "${P_DISCOVERY_CLIENT_ID}",
            "client_secret": "${P_DISCOVERY_CLIENT_SECRET}",
            "postLogoutRedirectUri": "",
        		"optionalClaims": {
        			"profile": true
        		}    
          },
          "hostServer": {
            "ENDPOINT_PATIENT": "${P_RES_PATIENT_FHIR_SERVICE_FULL_URL}",
            "ENDPOINT_PRACTITIONER": "${P_RES_PRACTITIONER_SERVICE_FULL_URL}",
            "ENDPOINT_ORGANIZATION": "${P_RES_ORGANIZATION_SERVICE_FULL_URL}",
            "Clinical": "${P_REPO_CLI_FHIR_SERVICE_URL}/x1v1-fhir-clinical/fhir/metadata",
            "PlatformNotifier": "${P_NOTIFIC_ENG_SERVER_URL}/Notification-Engine-service/R5",
            "Audit": "${P_AUDIT_SERVICE_URL}/x1v1-arr-service/arr-fhir/metadata",
            "Terminology": "${P_REPO_TERM_FHIR_SERVICE_URL}/x1v1-fhir-terminology/fhir/CodeSystem?url=xvalue://dedalus.eu/CodeSystem/SourceIdentifiers",
            "CONSENT_MANAGER": "${P_CONSENT_MANAGER}",
            "SERVER_API_ENDPOINT": "${P_GATEWAY_URL}",
            "SERVER_API_HEADERS": "${P_GATEWAY_HEADER}"
          }
        }
