        {
          "logLevel": "TRACE",
          "langs": ["it-IT","en-GB"],
          "i18n": ["core","forms","ui"],
          "contextPath": "/",
          "userinfo" :{
            "identifierVariable" : "sub",
            "identifierSystemDefault" : "${LOGIN_USER_ID_SYSTEM}"
          },
          "auth":{
            "method": "ds",
            "url": "${P_GATEWAY_BASEURL}/xdiscovery-service",
            "client_id": "${P_DISCOVERYSERVICE_CLIENTID}",
            "client_secret": "${P_DISCOVERYSERVICE_SECRET}",
            "postLogoutRedirectUri": ""
          },
          "hostServer":{
            "ENDPOINT_PATIENT": "${P_GATEWAY_BASEURL}/people.fhir/fhir",
            "ENDPOINT_PRACTITIONER": "${P_GATEWAY_BASEURL}/people.fhir/fhir",
            "ENDPOINT_ORGANIZATION": "${P_GATEWAY_BASEURL}/hpdx/fhir/STU3",
            "Clinical": "${P_GATEWAY_BASEURL}/x1v1-fhir-clinical/fhir/metadata",
            "PlatformNotifier": "${P_GATEWAY_BASEURL}/Notification-Engine-service/R5",
            "Audit": "${P_GATEWAY_BASEURL}/x1v1-arr-service/arr-fhir/metadata",
            "Terminology": "${P_GATEWAY_BASEURL}/x1v1-fhir-terminology/fhir/CodeSystem?url=http://dc4h.dedalus.eu/fhir/CodeSystem/ApplicationComponentId",
            "CONSENT_MANAGER": "${P_GATEWAY_BASEURL}",
            "SERVER_API": [{
              "SERVER_API_ENDPOINT": "${P_GATEWAY_BASEURL}",
              "SERVER_API_HEADERS": "X-Gravitee-Api-Key|${P_GATEWAY_APIKEY}"
            }]
          },
          "projectInfo": {
            "version": "1.3.0",
            "buildnumber": "30c16b5433536f1c73a35002419d91dc1fbfdc14"
          },
          "roles": {
            "rolesPermitted": "ME;X1V1_MEDICO;X1V1_PERSONALE_TECNICO",
            "rolesAdminPermitted": "PSFA-ADMINISTRATOR;supervisor",    
            "multitenacyPublicRoles":"ADMIN,SUPERADMIN"
          },
          "multitenacyEnable": "false"
        }
