<?xml version="1.0" encoding="UTF-8"?>
<Configuration status="info" name="Notification-Engine-service">
    <Properties>
        <Property name="APPENDER" >${sys:log4jOut}</Property>
        <Property name="LOG_DIR" >${sys:catalina.home}/logs/notification-engine</Property>
    </Properties>
    <Appenders>
        <Console name="stdout" target="SYSTEM_OUT">
            <JsonTemplateLayout eventTemplateUri="classpath:JSONEventDedalusLayoutV2.json"
                            locationInfoEnabled="true"
                            stackTraceEnabled="true"
                            maxStringLength="2500"
                            >
                <eventTemplateAdditionalField
                    key="application" value="Notification-Engine-service"/>
                
            </JsonTemplateLayout>
        </Console>
        <RollingFile
            name="file"
            fileName="${LOG_DIR}/notification-engine-service.log"
            filePattern="${LOG_DIR}/notification-engine-service-%d{MM-dd-yyyy}-%i.log.gz"
            ignoreExceptions="false"
            createOnDemand="true">
            <PatternLayout>
                <Pattern>%d{yyyy-MM-dd HH:mm:ss,SSS} %-5p %c{1}:%L - %m%n9</Pattern>
            </PatternLayout>
            <Policies>
                <SizeBasedTriggeringPolicy size="5MB" />
            </Policies>
            <DefaultRolloverStrategy max="5" />
        </RollingFile>
    </Appenders>
    <Loggers>
        <Logger name="org.springframework" level="INFO"></Logger>
        <!-- abilita i log delle query su mongo  -->
        <Logger name="eu.dedalus.platform.notifier.driver.mongodb.PlatformNotifierMongoDBDriver" level="INFO"></Logger>
        
        <Logger name="eu.dedalus.x1v1.fhir.servlet.DedalusRestfulServlet" level="INFO"></Logger>
        <Logger name="eu.dedalus.ftlEngine.wrapper.JsonPathModel" level="ERROR"></Logger>
        <Logger name="org.springframework.context" level="ERROR"></Logger>
        <Logger name="org.springframework.bean" level="ERROR"></Logger>
        <Logger name="org.springframework.ui" level="ERROR"></Logger>
        <Logger name="org.mongodb.driver" level="ERROR"></Logger>
        <Logger name="com.jayway.jsonpath" level="ERROR"></Logger>
        <Logger name="org.apache.http" level="ERROR"></Logger>
         <Logger name="ca.uhn.fhir.context.FhirContext" level="ERROR"></Logger>
        <Logger name="org.apache.catalina.webresources.Cache" level="ERROR"></Logger> 
                
       
        <Root level="INFO">
            <AppenderRef ref="${APPENDER}"/>
        </Root>
    </Loggers>
</Configuration>