<?xml version="1.0" encoding="UTF-8" standalone="yes"?>
<PolicySet xmlns="urn:oasis:names:tc:xacml:3.0:core:schema:wd-17" PolicySetId="FHIRVisibility" PolicyCombiningAlgId="urn:oasis:names:tc:xacml:1.0:policy-combining-algorithm:first-applicable" Version="1.0">
	<PolicySetDefaults>
		<XPathVersion>http://www.w3.org/TR/1999/Rec-xpath-19991116</XPathVersion>
	</PolicySetDefaults>
	<Description>
		Pre-condition to active this policy-set. Service shall be called with POST method and to act a R operation (read).
	</Description>
	<Target>
		<AnyOf>
			<AllOf>					
				<Match MatchId="urn:oasis:names:tc:xacml:1.0:function:string-equal">
					<AttributeValue DataType="http://www.w3.org/2001/XMLSchema#string">POST</AttributeValue>
					<AttributeDesignator Category="urn:oasis:names:tc:xacml:3.0:attribute-category:httpmethod" AttributeId="urn:oasis:names:tc:xacml:1.0:method:method-id" DataType="http://www.w3.org/2001/XMLSchema#string" MustBePresent="false"/>
				</Match>
				<Match MatchId="urn:oasis:names:tc:xacml:1.0:function:string-equal">
					<AttributeValue DataType="http://www.w3.org/2001/XMLSchema#string">R</AttributeValue>
					<AttributeDesignator Category="urn:oasis:names:tc:xacml:3.0:attribute-category:action" AttributeId="urn:oasis:names:tc:xacml:1.0:action:action-id" DataType="http://www.w3.org/2001/XMLSchema#string" MustBePresent="false"/>
				</Match>
			</AllOf>
		</AnyOf>
	</Target>
	<Policy PolicyId="FHIRVisibility.policy.patient" Version="1.0" RuleCombiningAlgId="urn:oasis:names:tc:xacml:1.0:rule-combining-algorithm:first-applicable">
		<PolicyDefaults>
			<XPathVersion>http://www.w3.org/TR/1999/Rec-xpath-19991116</XPathVersion>
		</PolicyDefaults>
		<Description>
			Pre-condition to active this policy. Subject shall be the resource-patient itself.
		</Description>
		<Target>
			<AnyOf>
				<AllOf>
					<Match MatchId="urn:oasis:names:tc:xacml:1.0:function:string-equal">
						<AttributeValue DataType="http://www.w3.org/2001/XMLSchema#string">X1V1_ASSISTITO</AttributeValue>
						<AttributeDesignator Category="urn:oasis:names:tc:xacml:1.0:subject-category:access-subject" AttributeId="urn:xacml:3.0:subject:subject-role" DataType="http://www.w3.org/2001/XMLSchema#string" MustBePresent="false"/>
					</Match>
				</AllOf>
			</AnyOf>
		</Target>
		<Rule RuleId="FHIRVisibility.rule_isPatient" Effect="Permit">
			<Target />
			<Condition>
				<Apply FunctionId="urn:oasis:names:tc:xacml:1.0:function:string-at-least-one-member-of">
					<Description>
						This condition evaluates if subject ID (extracted from JWT data) is equal to resource-patient ID.
					</Description>
					<AttributeDesignator Category="urn:oasis:names:tc:xacml:1.0:subject-category:subject" AttributeId="urn:xacml:3.0:subject:subject-id" DataType="http://www.w3.org/2001/XMLSchema#string" MustBePresent="false"/>
					<AttributeDesignator Category="urn:oasis:names:tc:xacml:3.0:attribute-category:environment" AttributeId="urn:xacml:3.0:environment:patientId" DataType="http://www.w3.org/2001/XMLSchema#string" MustBePresent="false"/>
				</Apply>
			</Condition>
		</Rule>
	</Policy>	
	<Policy PolicyId="FHIRVisibility.policy.tutor" Version="1.0" RuleCombiningAlgId="urn:oasis:names:tc:xacml:1.0:rule-combining-algorithm:first-applicable">
		<PolicyDefaults>
			<XPathVersion>http://www.w3.org/TR/1999/Rec-xpath-19991116</XPathVersion>
		</PolicyDefaults>
		<Description>
			Pre-condition to active this policy. Subject shall be a tutor of the resource-patient.
		</Description>
		<Target>
			<AnyOf>
				<AllOf>
					<Match MatchId="urn:oasis:names:tc:xacml:1.0:function:string-equal">
						<AttributeValue DataType="http://www.w3.org/2001/XMLSchema#string">X1V1_TUTOR</AttributeValue>
						<AttributeDesignator Category="urn:oasis:names:tc:xacml:1.0:subject-category:access-subject" AttributeId="urn:xacml:3.0:subject:subject-role" DataType="http://www.w3.org/2001/XMLSchema#string" MustBePresent="false"/>
					</Match>
				</AllOf>
			</AnyOf>
		</Target>
		<Rule RuleId="FHIRVisibility.rule_isTutor" Effect="Permit">
			<Target />
			<Condition>
				<Apply FunctionId="urn:oasis:names:tc:xacml:1.0:function:string-at-least-one-member-of">
					<Description>
						This condition evaluates if subject ID (extracted from JWT data) is member tutor IDs for resource-patient.
					</Description>
					<AttributeDesignator Category="urn:oasis:names:tc:xacml:1.0:subject-category:subject" AttributeId="urn:xacml:3.0:subject:subject-id" DataType="http://www.w3.org/2001/XMLSchema#string" MustBePresent="false"/>
					<AttributeDesignator Category="urn:oasis:names:tc:xacml:3.0:attribute-category:environment" AttributeId="urn:xacml:3.0:environment:patientTutors" DataType="http://www.w3.org/2001/XMLSchema#string" MustBePresent="false"/>
				</Apply>
			</Condition>
		</Rule>
	</Policy>	
	<Policy PolicyId="FHIRVisibility.policy.author" Version="1.0" RuleCombiningAlgId="urn:oasis:names:tc:xacml:1.0:rule-combining-algorithm:first-applicable">
		<PolicyDefaults>
			<XPathVersion>http://www.w3.org/TR/1999/Rec-xpath-19991116</XPathVersion>
		</PolicyDefaults>
		<Description>
			Pre-condition to active this policy. Subject shall be a doctor.
		</Description>
		<Target>
			<AnyOf>
				<AllOf>
					<Match MatchId="urn:oasis:names:tc:xacml:1.0:function:string-equal">
						<AttributeValue DataType="http://www.w3.org/2001/XMLSchema#string">X1V1_MEDICO</AttributeValue>
						<AttributeDesignator Category="urn:oasis:names:tc:xacml:1.0:subject-category:access-subject" AttributeId="urn:xacml:3.0:subject:subject-role" DataType="http://www.w3.org/2001/XMLSchema#string" MustBePresent="false"/>
					</Match>
				</AllOf>
			</AnyOf>
		</Target>
		<Rule RuleId="FHIRVisibility.rule_isAuthor_or_C2_and_notP99" Effect="Permit">
			<Target />
			<Condition>
				<Apply FunctionId="urn:oasis:names:tc:xacml:1.0:function:or">
					<Description>
						This condition evaluates resource authorship, resource ownership and patient consents combined by OR operator.
					</Description>
					<!-- ResourceAuthor -->
					<Apply FunctionId="urn:oasis:names:tc:xacml:1.0:function:string-at-least-one-member-of">
						<Description>
							This condition evaluates the resource authorship, i.e. if subject ID (extracted from JWT data) is equal to resource-author ID.
						</Description>
						<AttributeDesignator Category="urn:oasis:names:tc:xacml:1.0:subject-category:subject" AttributeId="urn:xacml:3.0:subject:subject-id" DataType="http://www.w3.org/2001/XMLSchema#string" MustBePresent="false"/>
						<AttributeDesignator Category="urn:oasis:names:tc:xacml:3.0:attribute-category:environment" AttributeId="urn:xacml:3.0:environment:authorId" DataType="http://www.w3.org/2001/XMLSchema#string" MustBePresent="false"/>
					</Apply>
					<!-- ResourceWard -->
					<Apply FunctionId="urn:oasis:names:tc:xacml:1.0:function:string-at-least-one-member-of">
						<Description>
							This condition evaluates the resource ownership, i.e. if subject-ward ID (extracted from JWT data) is equal to resource-ward ID.
						</Description>
						<AttributeDesignator Category="urn:oasis:names:tc:xacml:3.0:subject-category:ward-subject" AttributeId="urn:xacml:3.0:subject:subject-ward" DataType="http://www.w3.org/2001/XMLSchema#string" MustBePresent="false"/>
						<AttributeDesignator Category="urn:oasis:names:tc:xacml:3.0:attribute-category:environment" AttributeId="urn:xacml:3.0:environment:ward" DataType="http://www.w3.org/2001/XMLSchema#string" MustBePresent="false"/>
					</Apply>
					<!-- PatientConsents -->
					<Apply FunctionId="urn:oasis:names:tc:xacml:1.0:function:and">
						<Description>
							This condition evaluates the patient consensts, i.e. if C2 consent is active and there isn't any obscuring consents (P97, P98, P99) by resource data (patient, event, document).
						</Description>
						<Apply FunctionId="urn:oasis:names:tc:xacml:1.0:function:string-at-least-one-member-of">
							<AttributeDesignator Category="urn:oasis:names:tc:xacml:3.0:attribute-category:environment" AttributeId="urn:xacml:3.0:environment:consents" DataType="http://www.w3.org/2001/XMLSchema#string" MustBePresent="false"/>
							<Apply FunctionId="urn:oasis:names:tc:xacml:1.0:function:string-bag">
								<AttributeValue DataType="http://www.w3.org/2001/XMLSchema#string">C2</AttributeValue>
							</Apply>
						</Apply>
						<Apply FunctionId="urn:oasis:names:tc:xacml:1.0:function:not">
							<Apply FunctionId="urn:oasis:names:tc:xacml:1.0:function:string-at-least-one-member-of">
								<AttributeDesignator Category="urn:oasis:names:tc:xacml:3.0:attribute-category:environment" AttributeId="urn:xacml:3.0:environment:consents" DataType="http://www.w3.org/2001/XMLSchema#string" MustBePresent="false"/>
								<Apply FunctionId="urn:oasis:names:tc:xacml:1.0:function:string-bag">
									<AttributeValue DataType="http://www.w3.org/2001/XMLSchema#string">P97</AttributeValue>
									<AttributeValue DataType="http://www.w3.org/2001/XMLSchema#string">P98</AttributeValue>
									<AttributeValue DataType="http://www.w3.org/2001/XMLSchema#string">P99</AttributeValue>
								</Apply>
							</Apply>
						</Apply>
					</Apply>
				</Apply>
			</Condition>
		</Rule>
	</Policy>
	<Policy PolicyId="FHIRVisibility.policy.deny" Version="1.0" RuleCombiningAlgId="urn:oasis:names:tc:xacml:1.0:rule-combining-algorithm:first-applicable">
		<PolicyDefaults>
			<XPathVersion>http://www.w3.org/TR/1999/Rec-xpath-19991116</XPathVersion>
		</PolicyDefaults>
		<Target/>
		<Rule RuleId="FHIRVisibility.rule_deny" Effect="Deny">
			<Target/>
		</Rule>
	</Policy>
</PolicySet>