<configuration>
    <appender class="ch.qos.logback.core.ConsoleAppender" name="stdout">
        <encoder class="net.logstash.logback.encoder.LoggingEventCompositeJsonEncoder">
            <providers>
                <provider class="com.dedalus.openshift.logback.providers.CustomStackTraceJsonProvider">
                    <throwableConverter class="net.logstash.logback.stacktrace.ShortenedThrowableConverter">
                        <maxDepthPerThrowable>full</maxDepthPerThrowable>
                        <maxLength>full</maxLength>
                        <shortenedClassNameLength>20</shortenedClassNameLength>
                        <exclusions>${STE_EXCLUSIONS}</exclusions>
                        <rootCauseFirst>true</rootCauseFirst>
                    </throwableConverter>
                </provider>
                <provider class="com.dedalus.openshift.logback.providers.CustomCallerDataJsonProvider"/>
                <pattern>
                    <pattern>
                        {
                        "application":"x1v1-repositoryb",
                        "level":"%level",
                        "logger_name":"%logger",
                        "thread_name":"%thread",
                        "message":"%message"
                        }
                    </pattern>
                </pattern>
                <timestamp/>
            </providers>
        </encoder>
    </appender>

    <appender name="STDOUT" class="ch.qos.logback.core.ConsoleAppender">
        <encoder>
            <pattern>%d{HH:mm:ss.SSS} [%thread] %X{entryUUID}  %-5level %logger{36} - %msg%n</pattern>
        </encoder>
    </appender>


    <appender name="file" class="ch.qos.logback.core.rolling.RollingFileAppender">
        <file>${catalina.home}/logs/repositoryb/repositoryb.log</file>
        <rollingPolicy class="ch.qos.logback.core.rolling.FixedWindowRollingPolicy">
            <fileNamePattern>${catalina.home}/logs/repositoryb/repositoryb.%i.log</fileNamePattern>
            <minIndex>1</minIndex>
            <maxIndex>10</maxIndex>
        </rollingPolicy>
        <triggeringPolicy class="ch.qos.logback.core.rolling.SizeBasedTriggeringPolicy">
            <maxFileSize>100MB</maxFileSize>
        </triggeringPolicy>
        <encoder>
            <pattern>%date %level [%thread] %logger [%file:%line] %msg%n</pattern>
        </encoder>
    </appender>

    <logger name="org.springframework" level="ERROR"/>
    <logger name="org.mongodb.driver.cluster" level="ERROR"/>
    <logger name="org.mongodb.driver.protocol" level="ERROR"/>
    <logger name="org.apache.cxf" level="INFO"/>
    <logger name="eu.dedalus.x1v1.felix" level="ERROR"/>
    <logger name="eu.dedalus.x1v1.felix.xdsclient.client" level="ERROR"/>
    <logger name="com.zaxxer.hikari.pool.HikariPool" level="ERROR"/>
    <logger name="eu.dedalus.parser.ProvideToEntityObject" level="ERROR"/>
    <logger name="eu.dedalus.service.repositoryb.DocumentRepositoryPortTypeImpl" level="ERROR"/>
    <logger name="java.net.HttpURLConnection" level="ALL"/>

    <root level="INFO">
        <appender-ref ref="${log4jOut}"/>
    </root>
</configuration>
