<?xml version="1.0" encoding="UTF-8"?>
<Configuration status="info" name="xvalue-patsyn">
	<Properties>
		<Property name="APPENDER" >${sys:log4jOut}</Property>
		<Property name="LOG_DIR" >${sys:catalina.home}/logs/xvalue-patsyn</Property>
	</Properties>
	<Appenders>
		<Console name="stdout" target="SYSTEM_OUT">
			<LogstashLayout 
				eventTemplateUri="classpath:JSONEventDedalusLayoutV1.json"
				locationInfoEnabled="true"
				stackTraceEnabled="true"
				emptyPropertyExclusionEnabled="true"
				maxStringLength="1500">
				<EventTemplateAdditionalFields>
					<KeyValuePair key="application" value="xvalue-patsyn"/>
				</EventTemplateAdditionalFields>
			</LogstashLayout>
		</Console>
		<RollingFile
		    name="file"
		    fileName="${LOG_DIR}/xvalue-patsyn.log"
		    filePattern="${LOG_DIR}/xvalue-patsyn-%d{MM-dd-yyyy}-%i.log.gz"
		    ignoreExceptions="false"
		    createOnDemand="true">
			<PatternLayout>
				<Pattern>%d{yyyy-MM-dd HH:mm:ss,SSS} %-5p %c{1}:%L - %m%n9</Pattern>
			</PatternLayout>
			<Policies>
				<SizeBasedTriggeringPolicy size="5MB" />
			</Policies>
			<DefaultRolloverStrategy max="5" />
		</RollingFile>
	</Appenders>
	<Loggers> 
		<Logger name="eu.dedalus.patsyn" level="INFO"> 
		</Logger>
		<Logger name="org.springframework" level="INFO">
		</Logger>
		<Root level="INFO"> 
			<AppenderRef ref="${APPENDER}"/>
		</Root> 
	</Loggers> 
</Configuration>