<?xml version="1.0" encoding="UTF-8"?>
<Configuration status="info" name="x1v1-mhd-fhir">
	<Properties>
		<Property name="log4jOut" >file</Property>
		<Property name="LOG_DIR" >${sys:catalina.home}/logs/x1v1-mhd-fhir</Property>
	</Properties>
	<Appenders>
		<Console name="stdoutTest" target="SYSTEM_OUT">
		</Console>
		<Console name="stdout" target="SYSTEM_OUT">
			<LogstashLayout 
				eventTemplateUri="classpath:JSONEventDedalusLayoutV1.json"
				emptyPropertyExclusionEnabled="true"
				locationInfoEnabled="true"
				stackTraceEnabled="true"
                maxStringLength="2500"
                maxByteCount="16000">
				<EventTemplateAdditionalFields>
					<KeyValuePair key="application" value="x1v1-mhd-fhir"/>
				</EventTemplateAdditionalFields>
			</LogstashLayout>
		</Console>
		<RollingFile
			name="file"
			fileName="${LOG_DIR}/x1v1-mhd-fhir.log"
			filePattern="${LOG_DIR}/x1v1-mhd-fhir-%d{MM-dd-yyyy}-%i.log.gz"
			ignoreExceptions="false"
			createOnDemand="true">
			<PatternLayout>
				<Pattern>%d{yyyy-MM-dd HH:mm:ss,SSS} %-5p %c{1}:%L - %m%n9</Pattern>
			</PatternLayout>
			<Policies>
				<SizeBasedTriggeringPolicy size="10MB" />
			</Policies>
			<DefaultRolloverStrategy max="5" />
		</RollingFile>
	</Appenders>
	<Loggers>
		<Logger name="eu.dedalus.mhd" level="INFO"> 
		</Logger>
		<Root level="ERROR"> 
			<AppenderRef ref="${sys:log4jOut}"/>
		</Root> 
	</Loggers> 
</Configuration>