<?xml version="1.0" encoding="UTF-8" standalone="yes"?>
<PolicySet xmlns="urn:oasis:names:tc:xacml:3.0:core:schema:wd-17" PolicySetId="DSUBPolicy" PolicyCombiningAlgId="urn:oasis:names:tc:xacml:1.0:policy-combining-algorithm:first-applicable" Version="1.0">
	<PolicySetDefaults>
		<XPathVersion>http://www.w3.org/TR/1999/Rec-xpath-19991116</XPathVersion>
	</PolicySetDefaults>
	<Description>
		Pre-condition to active this policy-set for user with roles "X1V1_MMG", "X1V1_MEDICO", "X1V1_AMMINISTRATIVO". 
	</Description>
	<Target>
		<AnyOf>
			<AllOf>		
				<Match MatchId="urn:oasis:names:tc:xacml:1.0:function:string-equal">
					<AttributeValue DataType="http://www.w3.org/2001/XMLSchema#string">X1V1_MMG</AttributeValue>
					<AttributeDesignator Category="urn:oasis:names:tc:xacml:1.0:subject-category:access-subject" AttributeId="urn:xacml:3.0:subject:subject-role" DataType="http://www.w3.org/2001/XMLSchema#string" MustBePresent="false"/>
				</Match>
			</AllOf>
			<AllOf>		
				<Match MatchId="urn:oasis:names:tc:xacml:1.0:function:string-equal">
					<AttributeValue DataType="http://www.w3.org/2001/XMLSchema#string">X1V1_MEDICO</AttributeValue>
					<AttributeDesignator Category="urn:oasis:names:tc:xacml:1.0:subject-category:access-subject" AttributeId="urn:xacml:3.0:subject:subject-role" DataType="http://www.w3.org/2001/XMLSchema#string" MustBePresent="false"/>
				</Match>
			</AllOf>
		</AnyOf>
	</Target>
	<Policy PolicyId="DSUBPolicy.notify" Version="1.0" RuleCombiningAlgId="urn:oasis:names:tc:xacml:1.0:rule-combining-algorithm:first-applicable">
		<PolicyDefaults>
			<XPathVersion>http://www.w3.org/TR/1999/Rec-xpath-19991116</XPathVersion>
		</PolicyDefaults>
		<Description>
			Pre-condition to active this policy. Service shall be called to act a N operation (notify).
		</Description>
		<Target>
			<AnyOf>
				<AllOf>
					<Match MatchId="urn:oasis:names:tc:xacml:1.0:function:string-equal">
						<AttributeValue DataType="http://www.w3.org/2001/XMLSchema#string">N</AttributeValue>
						<AttributeDesignator Category="urn:oasis:names:tc:xacml:3.0:attribute-category:action" AttributeId="urn:oasis:names:tc:xacml:1.0:action:action-id" DataType="http://www.w3.org/2001/XMLSchema#string" MustBePresent="false"/>
					</Match>
				</AllOf>
			</AnyOf>
		</Target>
		<Rule RuleId="DSUBPolicy.notify.isPermit" Effect="Permit">
			<Target />
			<Condition>
				<Apply FunctionId="urn:oasis:names:tc:xacml:1.0:function:and">
					<Apply FunctionId="urn:oasis:names:tc:xacml:1.0:function:and">
						<Description>
							This condition evaluates:
								(
									Esiste un @policy.authConsultationLast45Days.code@ con status "active" o senza _{status} (retrocompatibilità)
										AND
									Non esiste un @policy.obscuring.patient.code@ con status "active" o senza _{status} (retrocompatibilità) relativo al paziente
										AND
									Non esiste un @policy.obscuring.event.code@ con status "active" o senza _{status} (retrocompatibilità) relativo al evento associato
										AND
									Non esiste un @policy.obscuring.document.code@ con status "active" o senza _{status} (retrocompatibilità) relativo al documento
										AND
									Typecode uguale ad almeno uno di quelli in lista
								)
						</Description>
						<Apply FunctionId="urn:oasis:names:tc:xacml:1.0:function:string-at-least-one-member-of">
							<AttributeDesignator Category="urn:oasis:names:tc:xacml:3.0:attribute-category:environment" AttributeId="urn:xacml:3.0:environment:consents" DataType="http://www.w3.org/2001/XMLSchema#string" MustBePresent="false"/>
							<Apply FunctionId="urn:oasis:names:tc:xacml:1.0:function:string-bag">
								<AttributeValue DataType="http://www.w3.org/2001/XMLSchema#string">@policy.authConsultationLast45Days.code@_active</AttributeValue>
								<AttributeValue DataType="http://www.w3.org/2001/XMLSchema#string">@policy.authConsultationLast45Days.code@</AttributeValue>
							</Apply>
						</Apply>
					    <Apply FunctionId="urn:oasis:names:tc:xacml:1.0:function:not">
								<Description>
									This condition evaluates the consents @policy.obscuring.patient.code@_active, @policy.obscuring.event.code@_active, @policy.obscuring.document.code@_active are missing.
								</Description>
							<Apply FunctionId="urn:oasis:names:tc:xacml:1.0:function:string-at-least-one-member-of">
								<AttributeDesignator Category="urn:oasis:names:tc:xacml:3.0:attribute-category:environment" AttributeId="urn:xacml:3.0:environment:consents" DataType="http://www.w3.org/2001/XMLSchema#string" MustBePresent="false"/>
								<Apply FunctionId="urn:oasis:names:tc:xacml:1.0:function:string-bag">
									<AttributeValue DataType="http://www.w3.org/2001/XMLSchema#string">@policy.obscuring.patient.code@_active</AttributeValue>
									<AttributeValue DataType="http://www.w3.org/2001/XMLSchema#string">@policy.obscuring.event.code@_active</AttributeValue>
									<AttributeValue DataType="http://www.w3.org/2001/XMLSchema#string">@policy.obscuring.document.code@_active</AttributeValue>
									<AttributeValue DataType="http://www.w3.org/2001/XMLSchema#string">@policy.obscuring.patient.code@</AttributeValue>
									<AttributeValue DataType="http://www.w3.org/2001/XMLSchema#string">@policy.obscuring.event.code@</AttributeValue>
									<AttributeValue DataType="http://www.w3.org/2001/XMLSchema#string">@policy.obscuring.document.code@</AttributeValue>
								</Apply>
							</Apply>
						</Apply>
					    <Apply FunctionId="urn:oasis:names:tc:xacml:1.0:function:string-at-least-one-member-of">
							<Description>
								This condition evaluates the typecode.
							</Description>
							<AttributeDesignator Category="urn:oasis:names:tc:xacml:3.0:attribute-category:environment" AttributeId="urn:xacml:3.0:environment:type-code" DataType="http://www.w3.org/2001/XMLSchema#string" MustBePresent="false"/>
							<Apply FunctionId="urn:oasis:names:tc:xacml:1.0:function:string-bag">
								<AttributeValue DataType="http://www.w3.org/2001/XMLSchema#string">11502-2</AttributeValue>
							</Apply>
						</Apply>
					</Apply>
				</Apply>			
			</Condition>
		</Rule>
	</Policy>
	<Policy PolicyId="DSUBPolicy.otherwise" Version="1.0" RuleCombiningAlgId="urn:oasis:names:tc:xacml:1.0:rule-combining-algorithm:first-applicable">
		<PolicyDefaults>
			<XPathVersion>http://www.w3.org/TR/1999/Rec-xpath-19991116</XPathVersion>
		</PolicyDefaults>
		<Target/>
		<Rule RuleId="DSUBPolicy.otherwise.isDeny" Effect="Deny">
			<Target/>
		</Rule>
	</Policy>
</PolicySet>