<?xml version="1.0" encoding="UTF-8" standalone="yes"?>
<PolicySet xmlns="urn:oasis:names:tc:xacml:3.0:core:schema:wd-17" PolicySetId="ini_default_policy" PolicyCombiningAlgId="urn:oasis:names:tc:xacml:1.0:policy-combining-algorithm:first-applicable" Version="1.0">
    <PolicySetDefaults>
        <XPathVersion>http://www.w3.org/TR/1999/Rec-xpath-19991116</XPathVersion>
    </PolicySetDefaults>
    <Target/>
    <Policy PolicyId="ini_default_policy.policy.1" Version="1.0" RuleCombiningAlgId="urn:oasis:names:tc:xacml:1.0:rule-combining-algorithm:first-applicable">
        <PolicyDefaults>
            <XPathVersion>http://www.w3.org/TR/1999/Rec-xpath-19991116</XPathVersion>
        </PolicyDefaults>       
        <Target>
            <AnyOf>
                <AllOf>
                    <Match MatchId="urn:oasis:names:tc:xacml:1.0:function:string-equal">
                        <AttributeValue DataType="http://www.w3.org/2001/XMLSchema#string">C</AttributeValue>
                        <AttributeDesignator Category="urn:oasis:names:tc:xacml:3.0:attribute-category:action" AttributeId="urn:oasis:names:tc:xacml:1.0:action:action-id" DataType="http://www.w3.org/2001/XMLSchema#string" MustBePresent="false"/>
                    </Match>                   
                </AllOf>
            </AnyOf>
        </Target>
        <Rule RuleId="ini_default_policy.rule_1" Effect="Permit">
            <Target>
                <AnyOf>
                    <AllOf>
                        <Match MatchId="urn:oasis:names:tc:xacml:1.0:function:string-equal">
                            <AttributeValue DataType="http://www.w3.org/2001/XMLSchema#string">AAS</AttributeValue>
                            <AttributeDesignator Category="urn:oasis:names:tc:xacml:1.0:subject-category:access-subject" AttributeId="urn:xacml:3.0:subject:subject-role" DataType="http://www.w3.org/2001/XMLSchema#string" MustBePresent="false"/>
                        </Match>
                    </AllOf>
                    <AllOf>
                        <Match MatchId="urn:oasis:names:tc:xacml:1.0:function:string-equal">
                            <AttributeValue DataType="http://www.w3.org/2001/XMLSchema#string">APR</AttributeValue>
                            <AttributeDesignator Category="urn:oasis:names:tc:xacml:1.0:subject-category:access-subject" AttributeId="urn:xacml:3.0:subject:subject-role" DataType="http://www.w3.org/2001/XMLSchema#string" MustBePresent="false"/>
                        </Match>
                    </AllOf>
                    <AllOf>
                        <Match MatchId="urn:oasis:names:tc:xacml:1.0:function:string-equal">
                            <AttributeValue DataType="http://www.w3.org/2001/XMLSchema#string">PSS</AttributeValue>
                            <AttributeDesignator Category="urn:oasis:names:tc:xacml:1.0:subject-category:access-subject" AttributeId="urn:xacml:3.0:subject:subject-role" DataType="http://www.w3.org/2001/XMLSchema#string" MustBePresent="false"/>
                        </Match>
                    </AllOf>
                    <AllOf>
                        <Match MatchId="urn:oasis:names:tc:xacml:1.0:function:string-equal">
                            <AttributeValue DataType="http://www.w3.org/2001/XMLSchema#string">INF</AttributeValue>
                            <AttributeDesignator Category="urn:oasis:names:tc:xacml:1.0:subject-category:access-subject" AttributeId="urn:xacml:3.0:subject:subject-role" DataType="http://www.w3.org/2001/XMLSchema#string" MustBePresent="false"/>
                        </Match>
                    </AllOf>
                    <AllOf>
                        <Match MatchId="urn:oasis:names:tc:xacml:1.0:function:string-equal">
                            <AttributeValue DataType="http://www.w3.org/2001/XMLSchema#string">OAM</AttributeValue>
                            <AttributeDesignator Category="urn:oasis:names:tc:xacml:1.0:subject-category:access-subject" AttributeId="urn:xacml:3.0:subject:subject-role" DataType="http://www.w3.org/2001/XMLSchema#string" MustBePresent="false"/>
                        </Match>
                    </AllOf>
                    <AllOf>
                        <Match MatchId="urn:oasis:names:tc:xacml:1.0:function:string-equal">
                            <AttributeValue DataType="http://www.w3.org/2001/XMLSchema#string">DRS</AttributeValue>
                            <AttributeDesignator Category="urn:oasis:names:tc:xacml:1.0:subject-category:access-subject" AttributeId="urn:xacml:3.0:subject:subject-role" DataType="http://www.w3.org/2001/XMLSchema#string" MustBePresent="false"/>
                        </Match>
                    </AllOf>
                    <AllOf>
                        <Match MatchId="urn:oasis:names:tc:xacml:1.0:function:string-equal">
                            <AttributeValue DataType="http://www.w3.org/2001/XMLSchema#string">RSA</AttributeValue>
                            <AttributeDesignator Category="urn:oasis:names:tc:xacml:1.0:subject-category:access-subject" AttributeId="urn:xacml:3.0:subject:subject-role" DataType="http://www.w3.org/2001/XMLSchema#string" MustBePresent="false"/>
                        </Match>
                    </AllOf>
                    <AllOf>
                        <Match MatchId="urn:oasis:names:tc:xacml:1.0:function:string-equal">
                            <AttributeValue DataType="http://www.w3.org/2001/XMLSchema#string">MRP</AttributeValue>
                            <AttributeDesignator Category="urn:oasis:names:tc:xacml:1.0:subject-category:access-subject" AttributeId="urn:xacml:3.0:subject:subject-role" DataType="http://www.w3.org/2001/XMLSchema#string" MustBePresent="false"/>
                        </Match>
                    </AllOf>
                    <AllOf>
                        <Match MatchId="urn:oasis:names:tc:xacml:1.0:function:string-equal">
                            <AttributeValue DataType="http://www.w3.org/2001/XMLSchema#string">INI</AttributeValue>
                            <AttributeDesignator Category="urn:oasis:names:tc:xacml:1.0:subject-category:access-subject" AttributeId="urn:xacml:3.0:subject:subject-role" DataType="http://www.w3.org/2001/XMLSchema#string" MustBePresent="false"/>
                        </Match>
                    </AllOf>
                </AnyOf>
            </Target>
        </Rule>
    </Policy>
    <Policy PolicyId="ini_default_policy.policy.2" Version="1.0" RuleCombiningAlgId="urn:oasis:names:tc:xacml:1.0:rule-combining-algorithm:first-applicable">
        <PolicyDefaults>
            <XPathVersion>http://www.w3.org/TR/1999/Rec-xpath-19991116</XPathVersion>
        </PolicyDefaults>       
        <Target>
            <AnyOf>
                <AllOf>
                    <Match MatchId="urn:oasis:names:tc:xacml:1.0:function:string-equal">
                        <AttributeValue DataType="http://www.w3.org/2001/XMLSchema#string">R</AttributeValue>
                        <AttributeDesignator Category="urn:oasis:names:tc:xacml:3.0:attribute-category:action" AttributeId="urn:oasis:names:tc:xacml:1.0:action:action-id" DataType="http://www.w3.org/2001/XMLSchema#string" MustBePresent="false"/>
                    </Match>                   
                </AllOf>
            </AnyOf>
        </Target>
        <Rule RuleId="ini_default_policy.rule_2" Effect="Permit">
            <Target>
                <AnyOf>
                    <AllOf>
                        <Match MatchId="urn:oasis:names:tc:xacml:1.0:function:string-equal">
                            <AttributeValue DataType="http://www.w3.org/2001/XMLSchema#string">AAS</AttributeValue>
                            <AttributeDesignator Category="urn:oasis:names:tc:xacml:1.0:subject-category:access-subject" AttributeId="urn:xacml:3.0:subject:subject-role" DataType="http://www.w3.org/2001/XMLSchema#string" MustBePresent="false"/>
                        </Match>
                    </AllOf>
                    <AllOf>
                        <Match MatchId="urn:oasis:names:tc:xacml:1.0:function:string-equal">
                            <AttributeValue DataType="http://www.w3.org/2001/XMLSchema#string">APR</AttributeValue>
                            <AttributeDesignator Category="urn:oasis:names:tc:xacml:1.0:subject-category:access-subject" AttributeId="urn:xacml:3.0:subject:subject-role" DataType="http://www.w3.org/2001/XMLSchema#string" MustBePresent="false"/>
                        </Match>
                    </AllOf>
                    <AllOf>
                        <Match MatchId="urn:oasis:names:tc:xacml:1.0:function:string-equal">
                            <AttributeValue DataType="http://www.w3.org/2001/XMLSchema#string">PSS</AttributeValue>
                            <AttributeDesignator Category="urn:oasis:names:tc:xacml:1.0:subject-category:access-subject" AttributeId="urn:xacml:3.0:subject:subject-role" DataType="http://www.w3.org/2001/XMLSchema#string" MustBePresent="false"/>
                        </Match>
                    </AllOf>
                    <AllOf>
                        <Match MatchId="urn:oasis:names:tc:xacml:1.0:function:string-equal">
                            <AttributeValue DataType="http://www.w3.org/2001/XMLSchema#string">INF</AttributeValue>
                            <AttributeDesignator Category="urn:oasis:names:tc:xacml:1.0:subject-category:access-subject" AttributeId="urn:xacml:3.0:subject:subject-role" DataType="http://www.w3.org/2001/XMLSchema#string" MustBePresent="false"/>
                        </Match>
                    </AllOf>
                    <AllOf>
                        <Match MatchId="urn:oasis:names:tc:xacml:1.0:function:string-equal">
                            <AttributeValue DataType="http://www.w3.org/2001/XMLSchema#string">FAR</AttributeValue>
                            <AttributeDesignator Category="urn:oasis:names:tc:xacml:1.0:subject-category:access-subject" AttributeId="urn:xacml:3.0:subject:subject-role" DataType="http://www.w3.org/2001/XMLSchema#string" MustBePresent="false"/>
                        </Match>
                    </AllOf>
                    <AllOf>
                        <Match MatchId="urn:oasis:names:tc:xacml:1.0:function:string-equal">
                            <AttributeValue DataType="http://www.w3.org/2001/XMLSchema#string">DSA</AttributeValue>
                            <AttributeDesignator Category="urn:oasis:names:tc:xacml:1.0:subject-category:access-subject" AttributeId="urn:xacml:3.0:subject:subject-role" DataType="http://www.w3.org/2001/XMLSchema#string" MustBePresent="false"/>
                        </Match>
                    </AllOf>
                    <AllOf>
                        <Match MatchId="urn:oasis:names:tc:xacml:1.0:function:string-equal">
                            <AttributeValue DataType="http://www.w3.org/2001/XMLSchema#string">DMA</AttributeValue>
                            <AttributeDesignator Category="urn:oasis:names:tc:xacml:1.0:subject-category:access-subject" AttributeId="urn:xacml:3.0:subject:subject-role" DataType="http://www.w3.org/2001/XMLSchema#string" MustBePresent="false"/>
                        </Match>
                    </AllOf>                    
                    <AllOf>
                        <Match MatchId="urn:oasis:names:tc:xacml:1.0:function:string-equal">
                            <AttributeValue DataType="http://www.w3.org/2001/XMLSchema#string">OAM</AttributeValue>
                            <AttributeDesignator Category="urn:oasis:names:tc:xacml:1.0:subject-category:access-subject" AttributeId="urn:xacml:3.0:subject:subject-role" DataType="http://www.w3.org/2001/XMLSchema#string" MustBePresent="false"/>
                        </Match>
                    </AllOf>
                    <AllOf>
                        <Match MatchId="urn:oasis:names:tc:xacml:1.0:function:string-equal">
                            <AttributeValue DataType="http://www.w3.org/2001/XMLSchema#string">ASS</AttributeValue>
                            <AttributeDesignator Category="urn:oasis:names:tc:xacml:1.0:subject-category:access-subject" AttributeId="urn:xacml:3.0:subject:subject-role" DataType="http://www.w3.org/2001/XMLSchema#string" MustBePresent="false"/>
                        </Match>
                    </AllOf>
                    <AllOf>
                        <Match MatchId="urn:oasis:names:tc:xacml:1.0:function:string-equal">
                            <AttributeValue DataType="http://www.w3.org/2001/XMLSchema#string">TUT</AttributeValue>
                            <AttributeDesignator Category="urn:oasis:names:tc:xacml:1.0:subject-category:access-subject" AttributeId="urn:xacml:3.0:subject:subject-role" DataType="http://www.w3.org/2001/XMLSchema#string" MustBePresent="false"/>
                        </Match>
                    </AllOf>
                    <AllOf>
                        <Match MatchId="urn:oasis:names:tc:xacml:1.0:function:string-equal">
                            <AttributeValue DataType="http://www.w3.org/2001/XMLSchema#string">ING</AttributeValue>
                            <AttributeDesignator Category="urn:oasis:names:tc:xacml:1.0:subject-category:access-subject" AttributeId="urn:xacml:3.0:subject:subject-role" DataType="http://www.w3.org/2001/XMLSchema#string" MustBePresent="false"/>
                        </Match>
                    </AllOf>
                    <AllOf>
                        <Match MatchId="urn:oasis:names:tc:xacml:1.0:function:string-equal">
                            <AttributeValue DataType="http://www.w3.org/2001/XMLSchema#string">GEN</AttributeValue>
                            <AttributeDesignator Category="urn:oasis:names:tc:xacml:1.0:subject-category:access-subject" AttributeId="urn:xacml:3.0:subject:subject-role" DataType="http://www.w3.org/2001/XMLSchema#string" MustBePresent="false"/>
                        </Match>
                    </AllOf>
                    <AllOf>
                        <Match MatchId="urn:oasis:names:tc:xacml:1.0:function:string-equal">
                            <AttributeValue DataType="http://www.w3.org/2001/XMLSchema#string">DRS</AttributeValue>
                            <AttributeDesignator Category="urn:oasis:names:tc:xacml:1.0:subject-category:access-subject" AttributeId="urn:xacml:3.0:subject:subject-role" DataType="http://www.w3.org/2001/XMLSchema#string" MustBePresent="false"/>
                        </Match>
                    </AllOf>
                    <AllOf>
                        <Match MatchId="urn:oasis:names:tc:xacml:1.0:function:string-equal">
                            <AttributeValue DataType="http://www.w3.org/2001/XMLSchema#string">RSA</AttributeValue>
                            <AttributeDesignator Category="urn:oasis:names:tc:xacml:1.0:subject-category:access-subject" AttributeId="urn:xacml:3.0:subject:subject-role" DataType="http://www.w3.org/2001/XMLSchema#string" MustBePresent="false"/>
                        </Match>
                    </AllOf>
                    <AllOf>
                        <Match MatchId="urn:oasis:names:tc:xacml:1.0:function:string-equal">
                            <AttributeValue DataType="http://www.w3.org/2001/XMLSchema#string">MRP</AttributeValue>
                            <AttributeDesignator Category="urn:oasis:names:tc:xacml:1.0:subject-category:access-subject" AttributeId="urn:xacml:3.0:subject:subject-role" DataType="http://www.w3.org/2001/XMLSchema#string" MustBePresent="false"/>
                        </Match>
                    </AllOf>
                    <AllOf>
                        <Match MatchId="urn:oasis:names:tc:xacml:1.0:function:string-equal">
                            <AttributeValue DataType="http://www.w3.org/2001/XMLSchema#string">INI</AttributeValue>
                            <AttributeDesignator Category="urn:oasis:names:tc:xacml:1.0:subject-category:access-subject" AttributeId="urn:xacml:3.0:subject:subject-role" DataType="http://www.w3.org/2001/XMLSchema#string" MustBePresent="false"/>
                        </Match>
                    </AllOf>
                </AnyOf>
            </Target>
        </Rule>
    </Policy>
    <Policy PolicyId="ini_default_policy.policy.3" Version="1.0" RuleCombiningAlgId="urn:oasis:names:tc:xacml:1.0:rule-combining-algorithm:first-applicable">
        <PolicyDefaults>
            <XPathVersion>http://www.w3.org/TR/1999/Rec-xpath-19991116</XPathVersion>
        </PolicyDefaults>       
        <Target>
            <AnyOf>
                <AllOf>
                    <Match MatchId="urn:oasis:names:tc:xacml:1.0:function:string-equal">
                        <AttributeValue DataType="http://www.w3.org/2001/XMLSchema#string">U</AttributeValue>
                        <AttributeDesignator Category="urn:oasis:names:tc:xacml:3.0:attribute-category:action" AttributeId="urn:oasis:names:tc:xacml:1.0:action:action-id" DataType="http://www.w3.org/2001/XMLSchema#string" MustBePresent="false"/>
                    </Match>                   
                </AllOf>
            </AnyOf>
        </Target>
        <Rule RuleId="ini_default_policy.rule_3" Effect="Permit">
            <Target>
                <AnyOf>
                    <AllOf>
                        <Match MatchId="urn:oasis:names:tc:xacml:1.0:function:string-equal">
                            <AttributeValue DataType="http://www.w3.org/2001/XMLSchema#string">AAS</AttributeValue>
                            <AttributeDesignator Category="urn:oasis:names:tc:xacml:1.0:subject-category:access-subject" AttributeId="urn:xacml:3.0:subject:subject-role" DataType="http://www.w3.org/2001/XMLSchema#string" MustBePresent="false"/>
                        </Match>
                    </AllOf>
                    <AllOf>
                        <Match MatchId="urn:oasis:names:tc:xacml:1.0:function:string-equal">
                            <AttributeValue DataType="http://www.w3.org/2001/XMLSchema#string">APR</AttributeValue>
                            <AttributeDesignator Category="urn:oasis:names:tc:xacml:1.0:subject-category:access-subject" AttributeId="urn:xacml:3.0:subject:subject-role" DataType="http://www.w3.org/2001/XMLSchema#string" MustBePresent="false"/>
                        </Match>
                    </AllOf>
                    <AllOf>
                        <Match MatchId="urn:oasis:names:tc:xacml:1.0:function:string-equal">
                            <AttributeValue DataType="http://www.w3.org/2001/XMLSchema#string">PSS</AttributeValue>
                            <AttributeDesignator Category="urn:oasis:names:tc:xacml:1.0:subject-category:access-subject" AttributeId="urn:xacml:3.0:subject:subject-role" DataType="http://www.w3.org/2001/XMLSchema#string" MustBePresent="false"/>
                        </Match>
                    </AllOf>
                    <AllOf>
                        <Match MatchId="urn:oasis:names:tc:xacml:1.0:function:string-equal">
                            <AttributeValue DataType="http://www.w3.org/2001/XMLSchema#string">INF</AttributeValue>
                            <AttributeDesignator Category="urn:oasis:names:tc:xacml:1.0:subject-category:access-subject" AttributeId="urn:xacml:3.0:subject:subject-role" DataType="http://www.w3.org/2001/XMLSchema#string" MustBePresent="false"/>
                        </Match>
                    </AllOf>
                    <AllOf>
                        <Match MatchId="urn:oasis:names:tc:xacml:1.0:function:string-equal">
                            <AttributeValue DataType="http://www.w3.org/2001/XMLSchema#string">OAM</AttributeValue>
                            <AttributeDesignator Category="urn:oasis:names:tc:xacml:1.0:subject-category:access-subject" AttributeId="urn:xacml:3.0:subject:subject-role" DataType="http://www.w3.org/2001/XMLSchema#string" MustBePresent="false"/>
                        </Match>
                    </AllOf>
                    <AllOf>
                        <Match MatchId="urn:oasis:names:tc:xacml:1.0:function:string-equal">
                            <AttributeValue DataType="http://www.w3.org/2001/XMLSchema#string">DRS</AttributeValue>
                            <AttributeDesignator Category="urn:oasis:names:tc:xacml:1.0:subject-category:access-subject" AttributeId="urn:xacml:3.0:subject:subject-role" DataType="http://www.w3.org/2001/XMLSchema#string" MustBePresent="false"/>
                        </Match>
                    </AllOf>
                    <AllOf>
                        <Match MatchId="urn:oasis:names:tc:xacml:1.0:function:string-equal">
                            <AttributeValue DataType="http://www.w3.org/2001/XMLSchema#string">RSA</AttributeValue>
                            <AttributeDesignator Category="urn:oasis:names:tc:xacml:1.0:subject-category:access-subject" AttributeId="urn:xacml:3.0:subject:subject-role" DataType="http://www.w3.org/2001/XMLSchema#string" MustBePresent="false"/>
                        </Match>
                    </AllOf>
                    <AllOf>
                        <Match MatchId="urn:oasis:names:tc:xacml:1.0:function:string-equal">
                            <AttributeValue DataType="http://www.w3.org/2001/XMLSchema#string">MRP</AttributeValue>
                            <AttributeDesignator Category="urn:oasis:names:tc:xacml:1.0:subject-category:access-subject" AttributeId="urn:xacml:3.0:subject:subject-role" DataType="http://www.w3.org/2001/XMLSchema#string" MustBePresent="false"/>
                        </Match>
                    </AllOf>
                    <AllOf>
                        <Match MatchId="urn:oasis:names:tc:xacml:1.0:function:string-equal">
                            <AttributeValue DataType="http://www.w3.org/2001/XMLSchema#string">INI</AttributeValue>
                            <AttributeDesignator Category="urn:oasis:names:tc:xacml:1.0:subject-category:access-subject" AttributeId="urn:xacml:3.0:subject:subject-role" DataType="http://www.w3.org/2001/XMLSchema#string" MustBePresent="false"/>
                        </Match>
                    </AllOf>
                </AnyOf>
            </Target>
        </Rule>
    </Policy>
    <Policy PolicyId="ini_default_policy.policy.4" Version="1.0" RuleCombiningAlgId="urn:oasis:names:tc:xacml:1.0:rule-combining-algorithm:first-applicable">
        <PolicyDefaults>
            <XPathVersion>http://www.w3.org/TR/1999/Rec-xpath-19991116</XPathVersion>
        </PolicyDefaults>       
        <Target>
            <AnyOf>
                <AllOf>
                    <Match MatchId="urn:oasis:names:tc:xacml:1.0:function:string-equal">
                        <AttributeValue DataType="http://www.w3.org/2001/XMLSchema#string">D</AttributeValue>
                        <AttributeDesignator Category="urn:oasis:names:tc:xacml:3.0:attribute-category:action" AttributeId="urn:oasis:names:tc:xacml:1.0:action:action-id" DataType="http://www.w3.org/2001/XMLSchema#string" MustBePresent="false"/>
                    </Match>                   
                </AllOf>
            </AnyOf>
        </Target>
        <Rule RuleId="ini_default_policy.rule_4" Effect="Permit">
            <Target>
                <AnyOf>
                    <AllOf>
                        <Match MatchId="urn:oasis:names:tc:xacml:1.0:function:string-equal">
                            <AttributeValue DataType="http://www.w3.org/2001/XMLSchema#string">AAS</AttributeValue>
                            <AttributeDesignator Category="urn:oasis:names:tc:xacml:1.0:subject-category:access-subject" AttributeId="urn:xacml:3.0:subject:subject-role" DataType="http://www.w3.org/2001/XMLSchema#string" MustBePresent="false"/>
                        </Match>
                    </AllOf>
                    <AllOf>
                        <Match MatchId="urn:oasis:names:tc:xacml:1.0:function:string-equal">
                            <AttributeValue DataType="http://www.w3.org/2001/XMLSchema#string">APR</AttributeValue>
                            <AttributeDesignator Category="urn:oasis:names:tc:xacml:1.0:subject-category:access-subject" AttributeId="urn:xacml:3.0:subject:subject-role" DataType="http://www.w3.org/2001/XMLSchema#string" MustBePresent="false"/>
                        </Match>
                    </AllOf>
                    <AllOf>
                        <Match MatchId="urn:oasis:names:tc:xacml:1.0:function:string-equal">
                            <AttributeValue DataType="http://www.w3.org/2001/XMLSchema#string">PSS</AttributeValue>
                            <AttributeDesignator Category="urn:oasis:names:tc:xacml:1.0:subject-category:access-subject" AttributeId="urn:xacml:3.0:subject:subject-role" DataType="http://www.w3.org/2001/XMLSchema#string" MustBePresent="false"/>
                        </Match>
                    </AllOf>
                    <AllOf>
                        <Match MatchId="urn:oasis:names:tc:xacml:1.0:function:string-equal">
                            <AttributeValue DataType="http://www.w3.org/2001/XMLSchema#string">INF</AttributeValue>
                            <AttributeDesignator Category="urn:oasis:names:tc:xacml:1.0:subject-category:access-subject" AttributeId="urn:xacml:3.0:subject:subject-role" DataType="http://www.w3.org/2001/XMLSchema#string" MustBePresent="false"/>
                        </Match>
                    </AllOf>
                    <AllOf>
                        <Match MatchId="urn:oasis:names:tc:xacml:1.0:function:string-equal">
                            <AttributeValue DataType="http://www.w3.org/2001/XMLSchema#string">OAM</AttributeValue>
                            <AttributeDesignator Category="urn:oasis:names:tc:xacml:1.0:subject-category:access-subject" AttributeId="urn:xacml:3.0:subject:subject-role" DataType="http://www.w3.org/2001/XMLSchema#string" MustBePresent="false"/>
                        </Match>
                    </AllOf>
                    <AllOf>
                        <Match MatchId="urn:oasis:names:tc:xacml:1.0:function:string-equal">
                            <AttributeValue DataType="http://www.w3.org/2001/XMLSchema#string">NOR</AttributeValue>
                            <AttributeDesignator Category="urn:oasis:names:tc:xacml:1.0:subject-category:access-subject" AttributeId="urn:xacml:3.0:subject:subject-role" DataType="http://www.w3.org/2001/XMLSchema#string" MustBePresent="false"/>
                        </Match>
                    </AllOf>
                    <AllOf>
                        <Match MatchId="urn:oasis:names:tc:xacml:1.0:function:string-equal">
                            <AttributeValue DataType="http://www.w3.org/2001/XMLSchema#string">DRS</AttributeValue>
                            <AttributeDesignator Category="urn:oasis:names:tc:xacml:1.0:subject-category:access-subject" AttributeId="urn:xacml:3.0:subject:subject-role" DataType="http://www.w3.org/2001/XMLSchema#string" MustBePresent="false"/>
                        </Match>
                    </AllOf>
                    <AllOf>
                        <Match MatchId="urn:oasis:names:tc:xacml:1.0:function:string-equal">
                            <AttributeValue DataType="http://www.w3.org/2001/XMLSchema#string">RSA</AttributeValue>
                            <AttributeDesignator Category="urn:oasis:names:tc:xacml:1.0:subject-category:access-subject" AttributeId="urn:xacml:3.0:subject:subject-role" DataType="http://www.w3.org/2001/XMLSchema#string" MustBePresent="false"/>
                        </Match>
                    </AllOf>
                    <AllOf>
                        <Match MatchId="urn:oasis:names:tc:xacml:1.0:function:string-equal">
                            <AttributeValue DataType="http://www.w3.org/2001/XMLSchema#string">MRP</AttributeValue>
                            <AttributeDesignator Category="urn:oasis:names:tc:xacml:1.0:subject-category:access-subject" AttributeId="urn:xacml:3.0:subject:subject-role" DataType="http://www.w3.org/2001/XMLSchema#string" MustBePresent="false"/>
                        </Match>
                    </AllOf>
                    <AllOf>
                        <Match MatchId="urn:oasis:names:tc:xacml:1.0:function:string-equal">
                            <AttributeValue DataType="http://www.w3.org/2001/XMLSchema#string">INI</AttributeValue>
                            <AttributeDesignator Category="urn:oasis:names:tc:xacml:1.0:subject-category:access-subject" AttributeId="urn:xacml:3.0:subject:subject-role" DataType="http://www.w3.org/2001/XMLSchema#string" MustBePresent="false"/>
                        </Match>
                    </AllOf>
                </AnyOf>
            </Target>
        </Rule>
    </Policy>
    <Policy PolicyId="ini_default_policy.policy.deny" Version="1.0" RuleCombiningAlgId="urn:oasis:names:tc:xacml:1.0:rule-combining-algorithm:first-applicable">
        <PolicyDefaults>
            <XPathVersion>http://www.w3.org/TR/1999/Rec-xpath-19991116</XPathVersion>
        </PolicyDefaults>
        <Target/>
        <Rule RuleId="ini_default_policy.policy_deny" Effect="Deny">
            <Target/>
        </Rule>
    </Policy>
</PolicySet>