<?xml version="1.0" encoding="UTF-8" standalone="yes"?>
<PolicySet xmlns="urn:oasis:names:tc:xacml:3.0:core:schema:wd-17" PolicySetId="Ownership" PolicyCombiningAlgId="urn:oasis:names:tc:xacml:1.0:policy-combining-algorithm:first-applicable" Version="1.0">
	<PolicySetDefaults>
		<XPathVersion>http://www.w3.org/TR/1999/Rec-xpath-19991116</XPathVersion>
	</PolicySetDefaults>
	<Target/>
	<Policy PolicyId="Ownership.policy.1" Version="1.0" RuleCombiningAlgId="urn:oasis:names:tc:xacml:1.0:rule-combining-algorithm:first-applicable">
		<PolicyDefaults>
			<XPathVersion>http://www.w3.org/TR/1999/Rec-xpath-19991116</XPathVersion>
		</PolicyDefaults>
		<Target/>
		<Rule RuleId="Ownership.rule_1" Effect="Permit">
			<Target/>
			<Condition>
				<Apply FunctionId="urn:oasis:names:tc:xacml:1.0:function:or">
					<!-- isPatient -->
					<Apply FunctionId="urn:oasis:names:tc:xacml:1.0:function:string-equal">
						<Apply FunctionId="urn:oasis:names:tc:xacml:1.0:function:string-one-and-only">
							<AttributeDesignator Category="urn:oasis:names:tc:xacml:1.0:subject-category:subject" AttributeId="urn:xacml:3.0:subject:subject-id" DataType="http://www.w3.org/2001/XMLSchema#string" MustBePresent="false"/>
						</Apply>
						<Apply FunctionId="urn:oasis:names:tc:xacml:1.0:function:string-one-and-only">
							<AttributeDesignator Category="urn:oasis:names:tc:xacml:3.0:attribute-category:environment" AttributeId="urn:xacml:3.0:environment:patientId" DataType="http://www.w3.org/2001/XMLSchema#string" MustBePresent="false"/>
						</Apply>
					</Apply>
					<!-- isTutor -->
					<Apply FunctionId="urn:oasis:names:tc:xacml:3.0:function:string-contains">
						<Apply FunctionId="urn:oasis:names:tc:xacml:1.0:function:string-one-and-only">
							<AttributeDesignator Category="urn:oasis:names:tc:xacml:1.0:subject-category:subject" AttributeId="urn:xacml:3.0:subject:subject-id" DataType="http://www.w3.org/2001/XMLSchema#string" MustBePresent="false"/>
						</Apply>
						<Apply FunctionId="urn:oasis:names:tc:xacml:1.0:function:string-one-and-only">
							<AttributeDesignator Category="urn:oasis:names:tc:xacml:3.0:attribute-category:environment" AttributeId="urn:xacml:3.0:environment:patientTutors" DataType="http://www.w3.org/2001/XMLSchema#string" MustBePresent="false"/>
						</Apply>
					</Apply>
				</Apply>
			</Condition>
		</Rule>
	</Policy>
	<Policy PolicyId="Ownership.policy.2" Version="1.0" RuleCombiningAlgId="urn:oasis:names:tc:xacml:1.0:rule-combining-algorithm:first-applicable">
		<PolicyDefaults>
			<XPathVersion>http://www.w3.org/TR/1999/Rec-xpath-19991116</XPathVersion>
		</PolicyDefaults>
		<Target/>
		<Rule RuleId="Ownership.rule_2" Effect="Permit">
			<Target/>
			<Condition>
				<Apply FunctionId="urn:oasis:names:tc:xacml:1.0:function:or">
					<!-- isDocumentAuthor -->
					<Apply FunctionId="urn:oasis:names:tc:xacml:1.0:function:string-equal">
						<Apply FunctionId="urn:oasis:names:tc:xacml:1.0:function:string-one-and-only">
							<AttributeDesignator Category="urn:oasis:names:tc:xacml:1.0:subject-category:tc-subject" AttributeId="urn:xacml:3.0:subject:subjectTC" DataType="http://www.w3.org/2001/XMLSchema#string" MustBePresent="false"/>
						</Apply>
						<Apply FunctionId="urn:oasis:names:tc:xacml:1.0:function:string-one-and-only">
							<AttributeDesignator Category="urn:oasis:names:tc:xacml:3.0:attribute-category:environment" AttributeId="urn:xacml:3.0:environment:authorTC" DataType="http://www.w3.org/2001/XMLSchema#string" MustBePresent="false"/>
						</Apply>
					</Apply>
					<!-- isExtendedAuthorship -->
					<Apply FunctionId="urn:oasis:names:tc:xacml:1.0:function:and">
						<Apply FunctionId="urn:oasis:names:tc:xacml:1.0:function:string-equal">
							<Apply FunctionId="urn:oasis:names:tc:xacml:1.0:function:string-one-and-only">
								<AttributeDesignator Category="urn:oasis:names:tc:xacml:3.0:attribute-category:hospital-subject" AttributeId="urn:xacml:3.0:subject:subject-hospital" DataType="http://www.w3.org/2001/XMLSchema#string" MustBePresent="false"/>
							</Apply>
							<Apply FunctionId="urn:oasis:names:tc:xacml:1.0:function:string-one-and-only">
								<AttributeDesignator Category="urn:oasis:names:tc:xacml:3.0:attribute-category:environment" AttributeId="urn:xacml:3.0:environment:hospital" DataType="http://www.w3.org/2001/XMLSchema#string" MustBePresent="false"/>
							</Apply>
						</Apply>
						<Apply FunctionId="urn:oasis:names:tc:xacml:1.0:function:string-equal">
							<Apply FunctionId="urn:oasis:names:tc:xacml:1.0:function:string-one-and-only">
								<AttributeDesignator Category="urn:oasis:names:tc:xacml:3.0:attribute-category:facility-subject" AttributeId="urn:xacml:3.0:subject:subject-facility" DataType="http://www.w3.org/2001/XMLSchema#string" MustBePresent="false"/>
							</Apply>
							<Apply FunctionId="urn:oasis:names:tc:xacml:1.0:function:string-one-and-only">
								<AttributeDesignator Category="urn:oasis:names:tc:xacml:3.0:attribute-category:environment" AttributeId="urn:xacml:3.0:environment:facility" DataType="http://www.w3.org/2001/XMLSchema#string" MustBePresent="false"/>
							</Apply>
						</Apply>
						<Apply FunctionId="urn:oasis:names:tc:xacml:1.0:function:string-equal">
							<Apply FunctionId="urn:oasis:names:tc:xacml:1.0:function:string-one-and-only">
								<AttributeDesignator Category="urn:oasis:names:tc:xacml:3.0:attribute-category:ward-subject" AttributeId="urn:xacml:3.0:subject:subject-ward" DataType="http://www.w3.org/2001/XMLSchema#string" MustBePresent="false"/>
							</Apply>
							<Apply FunctionId="urn:oasis:names:tc:xacml:1.0:function:string-one-and-only">
								<AttributeDesignator Category="urn:oasis:names:tc:xacml:3.0:attribute-category:environment" AttributeId="urn:xacml:3.0:environment:ward" DataType="http://www.w3.org/2001/XMLSchema#string" MustBePresent="false"/>
							</Apply>
						</Apply>
					</Apply>
					<!-- isExternalAuthorship -->
					<Apply FunctionId="urn:oasis:names:tc:xacml:1.0:function:and">
						<Apply FunctionId="urn:oasis:names:tc:xacml:1.0:function:string-equal">
							<Apply FunctionId="urn:oasis:names:tc:xacml:1.0:function:string-one-and-only">
								<AttributeDesignator Category="urn:oasis:names:tc:xacml:3.0:attribute-category:hospital-application" AttributeId="urn:xacml:3.0:application:application-hospitall" DataType="http://www.w3.org/2001/XMLSchema#string" MustBePresent="false"/>
							</Apply>
							<Apply FunctionId="urn:oasis:names:tc:xacml:1.0:function:string-one-and-only">
								<AttributeDesignator Category="urn:oasis:names:tc:xacml:3.0:attribute-category:environment" AttributeId="urn:xacml:3.0:environment:hospital" DataType="http://www.w3.org/2001/XMLSchema#string" MustBePresent="false"/>
							</Apply>
						</Apply>
						<Apply FunctionId="urn:oasis:names:tc:xacml:1.0:function:string-equal">
							<Apply FunctionId="urn:oasis:names:tc:xacml:1.0:function:string-one-and-only">
								<AttributeDesignator Category="urn:oasis:names:tc:xacml:3.0:attribute-category:facility-application" AttributeId="urn:xacml:3.0:application:application-facility" DataType="http://www.w3.org/2001/XMLSchema#string" MustBePresent="false"/>
							</Apply>
							<Apply FunctionId="urn:oasis:names:tc:xacml:1.0:function:string-one-and-only">
								<AttributeDesignator Category="urn:oasis:names:tc:xacml:3.0:attribute-category:environment" AttributeId="urn:xacml:3.0:environment:facility" DataType="http://www.w3.org/2001/XMLSchema#string" MustBePresent="false"/>
							</Apply>
						</Apply>
						<Apply FunctionId="urn:oasis:names:tc:xacml:1.0:function:string-equal">
							<Apply FunctionId="urn:oasis:names:tc:xacml:1.0:function:string-one-and-only">
								<AttributeDesignator Category="urn:oasis:names:tc:xacml:3.0:attribute-category:ward-application" AttributeId="urn:xacml:3.0:application:application-ward" DataType="http://www.w3.org/2001/XMLSchema#string" MustBePresent="false"/>
							</Apply>
							<Apply FunctionId="urn:oasis:names:tc:xacml:1.0:function:string-one-and-only">
								<AttributeDesignator Category="urn:oasis:names:tc:xacml:3.0:attribute-category:environment" AttributeId="urn:xacml:3.0:environment:ward" DataType="http://www.w3.org/2001/XMLSchema#string" MustBePresent="false"/>
							</Apply>
						</Apply>
					</Apply>
				</Apply>
			</Condition>
		</Rule>
	</Policy>
	<Policy PolicyId="Ownership.policy.deny" Version="1.0" RuleCombiningAlgId="urn:oasis:names:tc:xacml:1.0:rule-combining-algorithm:first-applicable">
		<PolicyDefaults>
			<XPathVersion>http://www.w3.org/TR/1999/Rec-xpath-19991116</XPathVersion>
		</PolicyDefaults>
		<Target/>
		<Rule RuleId="Ownership.rule_deny" Effect="Deny">
			<Target/>
		</Rule>
	</Policy>
</PolicySet>