<?xml version="1.0" encoding="UTF-8" standalone="yes"?>
<PolicySet xmlns="urn:oasis:names:tc:xacml:3.0:core:schema:wd-17" PolicySetId="P1" PolicyCombiningAlgId="urn:oasis:names:tc:xacml:1.0:policy-combining-algorithm:first-applicable" Version="1.0">
	<PolicySetDefaults>
		<XPathVersion>http://www.w3.org/TR/1999/Rec-xpath-19991116</XPathVersion>
	</PolicySetDefaults>
	<Target/>
	<Policy PolicyId="P1.policy.1" Version="1.0" RuleCombiningAlgId="urn:oasis:names:tc:xacml:1.0:rule-combining-algorithm:first-applicable">
		<PolicyDefaults>
			<XPathVersion>http://www.w3.org/TR/1999/Rec-xpath-19991116</XPathVersion>
		</PolicyDefaults>
		<Target>
			<AnyOf>
				<AllOf>
					<Match MatchId="urn:oasis:names:tc:xacml:1.0:function:string-equal">
						<AttributeValue DataType="http://www.w3.org/2001/XMLSchema#string">C</AttributeValue>
						<AttributeDesignator Category="urn:oasis:names:tc:xacml:3.0:attribute-category:action" AttributeId="urn:oasis:names:tc:xacml:1.0:action:action-id" DataType="http://www.w3.org/2001/XMLSchema#string" MustBePresent="false"/>
					</Match>
					<Match MatchId="urn:oasis:names:tc:xacml:1.0:function:string-equal">
						<AttributeValue DataType="http://www.w3.org/2001/XMLSchema#string">X1V1_MEDICO</AttributeValue>
						<AttributeDesignator Category="urn:oasis:names:tc:xacml:1.0:subject-category:access-subject" AttributeId="urn:xacml:3.0:subject:subject-role" DataType="http://www.w3.org/2001/XMLSchema#string" MustBePresent="false"/>
					</Match>
				</AllOf>
			</AnyOf>
		</Target>
		<Rule RuleId="P1.rule_1" Effect="Permit">
			<Target>
				<AnyOf>
					<AllOf>
						<Match MatchId="urn:oasis:names:tc:xacml:1.0:function:string-equal">
							<AttributeValue DataType="http://www.w3.org/2001/XMLSchema#string">57832-8</AttributeValue>
							<AttributeDesignator Category="urn:oasis:names:tc:xacml:3.0:attribute-category:environment" AttributeId="urn:xacml:3.0:environment:type-code" DataType="http://www.w3.org/2001/XMLSchema#string" MustBePresent="false"/>
						</Match>
					</AllOf>
					<AllOf>
						<Match MatchId="urn:oasis:names:tc:xacml:1.0:function:string-equal">
							<AttributeValue DataType="http://www.w3.org/2001/XMLSchema#string">57833-6</AttributeValue>
							<AttributeDesignator Category="urn:oasis:names:tc:xacml:3.0:attribute-category:environment" AttributeId="urn:xacml:3.0:environment:type-code" DataType="http://www.w3.org/2001/XMLSchema#string" MustBePresent="false"/>
						</Match>
					</AllOf>
					<AllOf>
						<Match MatchId="urn:oasis:names:tc:xacml:1.0:function:string-equal">
							<AttributeValue DataType="http://www.w3.org/2001/XMLSchema#string">57834-4</AttributeValue>
							<AttributeDesignator Category="urn:oasis:names:tc:xacml:3.0:attribute-category:environment" AttributeId="urn:xacml:3.0:environment:type-code" DataType="http://www.w3.org/2001/XMLSchema#string" MustBePresent="false"/>
						</Match>
					</AllOf>
					<AllOf>
						<Match MatchId="urn:oasis:names:tc:xacml:1.0:function:string-equal">
							<AttributeValue DataType="http://www.w3.org/2001/XMLSchema#string">11502-2</AttributeValue>
							<AttributeDesignator Category="urn:oasis:names:tc:xacml:3.0:attribute-category:environment" AttributeId="urn:xacml:3.0:environment:type-code" DataType="http://www.w3.org/2001/XMLSchema#string" MustBePresent="false"/>
						</Match>
					</AllOf>
					<AllOf>
						<Match MatchId="urn:oasis:names:tc:xacml:1.0:function:string-equal">
							<AttributeValue DataType="http://www.w3.org/2001/XMLSchema#string">57016-8</AttributeValue>
							<AttributeDesignator Category="urn:oasis:names:tc:xacml:3.0:attribute-category:environment" AttributeId="urn:xacml:3.0:environment:type-code" DataType="http://www.w3.org/2001/XMLSchema#string" MustBePresent="false"/>
						</Match>
					</AllOf>
					<AllOf>
						<Match MatchId="urn:oasis:names:tc:xacml:1.0:function:string-equal">
							<AttributeValue DataType="http://www.w3.org/2001/XMLSchema#string">60591-5</AttributeValue>
							<AttributeDesignator Category="urn:oasis:names:tc:xacml:3.0:attribute-category:environment" AttributeId="urn:xacml:3.0:environment:type-code" DataType="http://www.w3.org/2001/XMLSchema#string" MustBePresent="false"/>
						</Match>
					</AllOf>
					<AllOf>
						<Match MatchId="urn:oasis:names:tc:xacml:1.0:function:string-equal">
							<AttributeValue DataType="http://www.w3.org/2001/XMLSchema#string">68604-8</AttributeValue>
							<AttributeDesignator Category="urn:oasis:names:tc:xacml:3.0:attribute-category:environment" AttributeId="urn:xacml:3.0:environment:type-code" DataType="http://www.w3.org/2001/XMLSchema#string" MustBePresent="false"/>
						</Match>
					</AllOf>
					<AllOf>
						<Match MatchId="urn:oasis:names:tc:xacml:1.0:function:string-equal">
							<AttributeValue DataType="http://www.w3.org/2001/XMLSchema#string">11526-1</AttributeValue>
							<AttributeDesignator Category="urn:oasis:names:tc:xacml:3.0:attribute-category:environment" AttributeId="urn:xacml:3.0:environment:type-code" DataType="http://www.w3.org/2001/XMLSchema#string" MustBePresent="false"/>
						</Match>
					</AllOf>
					<AllOf>
						<Match MatchId="urn:oasis:names:tc:xacml:1.0:function:string-equal">
							<AttributeValue DataType="http://www.w3.org/2001/XMLSchema#string">59284-0</AttributeValue>
							<AttributeDesignator Category="urn:oasis:names:tc:xacml:3.0:attribute-category:environment" AttributeId="urn:xacml:3.0:environment:type-code" DataType="http://www.w3.org/2001/XMLSchema#string" MustBePresent="false"/>
						</Match>
					</AllOf>
					<AllOf>
						<Match MatchId="urn:oasis:names:tc:xacml:1.0:function:string-equal">
							<AttributeValue DataType="http://www.w3.org/2001/XMLSchema#string">consent002</AttributeValue>
							<AttributeDesignator Category="urn:oasis:names:tc:xacml:3.0:attribute-category:environment" AttributeId="urn:xacml:3.0:environment:type-code" DataType="http://www.w3.org/2001/XMLSchema#string" MustBePresent="false"/>
						</Match>
					</AllOf>
					<AllOf>
						<Match MatchId="urn:oasis:names:tc:xacml:1.0:function:string-equal">
							<AttributeValue DataType="http://www.w3.org/2001/XMLSchema#string">consent003</AttributeValue>
							<AttributeDesignator Category="urn:oasis:names:tc:xacml:3.0:attribute-category:environment" AttributeId="urn:xacml:3.0:environment:type-code" DataType="http://www.w3.org/2001/XMLSchema#string" MustBePresent="false"/>
						</Match>
					</AllOf>
				</AnyOf>
			</Target>
		</Rule>
	</Policy>
	<Policy PolicyId="P1.policy.2" Version="1.0" RuleCombiningAlgId="urn:oasis:names:tc:xacml:1.0:rule-combining-algorithm:first-applicable">
		<PolicyDefaults>
			<XPathVersion>http://www.w3.org/TR/1999/Rec-xpath-19991116</XPathVersion>
		</PolicyDefaults>
		<Target>
			<AnyOf>
				<AllOf>
					<Match MatchId="urn:oasis:names:tc:xacml:1.0:function:string-equal">
						<AttributeValue DataType="http://www.w3.org/2001/XMLSchema#string">U</AttributeValue>
						<AttributeDesignator Category="urn:oasis:names:tc:xacml:3.0:attribute-category:action" AttributeId="urn:oasis:names:tc:xacml:1.0:action:action-id" DataType="http://www.w3.org/2001/XMLSchema#string" MustBePresent="false"/>
					</Match>
					<Match MatchId="urn:oasis:names:tc:xacml:1.0:function:string-equal">
						<AttributeValue DataType="http://www.w3.org/2001/XMLSchema#string">X1V1_MEDICO</AttributeValue>
						<AttributeDesignator Category="urn:oasis:names:tc:xacml:1.0:subject-category:access-subject" AttributeId="urn:xacml:3.0:subject:subject-role" DataType="http://www.w3.org/2001/XMLSchema#string" MustBePresent="false"/>
					</Match>
				</AllOf>
			</AnyOf>
		</Target>
		<Rule RuleId="P1.rule_2" Effect="Permit">
			<Target>
				<AnyOf>
					<AllOf>
						<Match MatchId="urn:oasis:names:tc:xacml:1.0:function:string-equal">
							<AttributeValue DataType="http://www.w3.org/2001/XMLSchema#string">57832-8</AttributeValue>
							<AttributeDesignator Category="urn:oasis:names:tc:xacml:3.0:attribute-category:environment" AttributeId="urn:xacml:3.0:environment:type-code" DataType="http://www.w3.org/2001/XMLSchema#string" MustBePresent="false"/>
						</Match>
					</AllOf>
					<AllOf>
						<Match MatchId="urn:oasis:names:tc:xacml:1.0:function:string-equal">
							<AttributeValue DataType="http://www.w3.org/2001/XMLSchema#string">57833-6</AttributeValue>
							<AttributeDesignator Category="urn:oasis:names:tc:xacml:3.0:attribute-category:environment" AttributeId="urn:xacml:3.0:environment:type-code" DataType="http://www.w3.org/2001/XMLSchema#string" MustBePresent="false"/>
						</Match>
					</AllOf>
					<AllOf>
						<Match MatchId="urn:oasis:names:tc:xacml:1.0:function:string-equal">
							<AttributeValue DataType="http://www.w3.org/2001/XMLSchema#string">57834-4</AttributeValue>
							<AttributeDesignator Category="urn:oasis:names:tc:xacml:3.0:attribute-category:environment" AttributeId="urn:xacml:3.0:environment:type-code" DataType="http://www.w3.org/2001/XMLSchema#string" MustBePresent="false"/>
						</Match>
					</AllOf>
					<AllOf>
						<Match MatchId="urn:oasis:names:tc:xacml:1.0:function:string-equal">
							<AttributeValue DataType="http://www.w3.org/2001/XMLSchema#string">11502-2</AttributeValue>
							<AttributeDesignator Category="urn:oasis:names:tc:xacml:3.0:attribute-category:environment" AttributeId="urn:xacml:3.0:environment:type-code" DataType="http://www.w3.org/2001/XMLSchema#string" MustBePresent="false"/>
						</Match>
					</AllOf>
					<AllOf>
						<Match MatchId="urn:oasis:names:tc:xacml:1.0:function:string-equal">
							<AttributeValue DataType="http://www.w3.org/2001/XMLSchema#string">57016-8</AttributeValue>
							<AttributeDesignator Category="urn:oasis:names:tc:xacml:3.0:attribute-category:environment" AttributeId="urn:xacml:3.0:environment:type-code" DataType="http://www.w3.org/2001/XMLSchema#string" MustBePresent="false"/>
						</Match>
					</AllOf>
					<AllOf>
						<Match MatchId="urn:oasis:names:tc:xacml:1.0:function:string-equal">
							<AttributeValue DataType="http://www.w3.org/2001/XMLSchema#string">60591-5</AttributeValue>
							<AttributeDesignator Category="urn:oasis:names:tc:xacml:3.0:attribute-category:environment" AttributeId="urn:xacml:3.0:environment:type-code" DataType="http://www.w3.org/2001/XMLSchema#string" MustBePresent="false"/>
						</Match>
					</AllOf>
					<AllOf>
						<Match MatchId="urn:oasis:names:tc:xacml:1.0:function:string-equal">
							<AttributeValue DataType="http://www.w3.org/2001/XMLSchema#string">68604-8</AttributeValue>
							<AttributeDesignator Category="urn:oasis:names:tc:xacml:3.0:attribute-category:environment" AttributeId="urn:xacml:3.0:environment:type-code" DataType="http://www.w3.org/2001/XMLSchema#string" MustBePresent="false"/>
						</Match>
					</AllOf>
					<AllOf>
						<Match MatchId="urn:oasis:names:tc:xacml:1.0:function:string-equal">
							<AttributeValue DataType="http://www.w3.org/2001/XMLSchema#string">11526-1</AttributeValue>
							<AttributeDesignator Category="urn:oasis:names:tc:xacml:3.0:attribute-category:environment" AttributeId="urn:xacml:3.0:environment:type-code" DataType="http://www.w3.org/2001/XMLSchema#string" MustBePresent="false"/>
						</Match>
					</AllOf>
					<AllOf>
						<Match MatchId="urn:oasis:names:tc:xacml:1.0:function:string-equal">
							<AttributeValue DataType="http://www.w3.org/2001/XMLSchema#string">59284-0</AttributeValue>
							<AttributeDesignator Category="urn:oasis:names:tc:xacml:3.0:attribute-category:environment" AttributeId="urn:xacml:3.0:environment:type-code" DataType="http://www.w3.org/2001/XMLSchema#string" MustBePresent="false"/>
						</Match>
					</AllOf>
					<AllOf>
						<Match MatchId="urn:oasis:names:tc:xacml:1.0:function:string-equal">
							<AttributeValue DataType="http://www.w3.org/2001/XMLSchema#string">consent002</AttributeValue>
							<AttributeDesignator Category="urn:oasis:names:tc:xacml:3.0:attribute-category:environment" AttributeId="urn:xacml:3.0:environment:type-code" DataType="http://www.w3.org/2001/XMLSchema#string" MustBePresent="false"/>
						</Match>
					</AllOf>
					<AllOf>
						<Match MatchId="urn:oasis:names:tc:xacml:1.0:function:string-equal">
							<AttributeValue DataType="http://www.w3.org/2001/XMLSchema#string">consent003</AttributeValue>
							<AttributeDesignator Category="urn:oasis:names:tc:xacml:3.0:attribute-category:environment" AttributeId="urn:xacml:3.0:environment:type-code" DataType="http://www.w3.org/2001/XMLSchema#string" MustBePresent="false"/>
						</Match>
					</AllOf>
				</AnyOf>
			</Target>
		</Rule>
	</Policy>
	<Policy PolicyId="P1.policy.3" Version="1.0" RuleCombiningAlgId="urn:oasis:names:tc:xacml:1.0:rule-combining-algorithm:first-applicable">
		<PolicyDefaults>
			<XPathVersion>http://www.w3.org/TR/1999/Rec-xpath-19991116</XPathVersion>
		</PolicyDefaults>
		<Target>
			<AnyOf>
				<AllOf>
					<Match MatchId="urn:oasis:names:tc:xacml:1.0:function:string-equal">
						<AttributeValue DataType="http://www.w3.org/2001/XMLSchema#string">D</AttributeValue>
						<AttributeDesignator Category="urn:oasis:names:tc:xacml:3.0:attribute-category:action" AttributeId="urn:oasis:names:tc:xacml:1.0:action:action-id" DataType="http://www.w3.org/2001/XMLSchema#string" MustBePresent="false"/>
					</Match>
					<Match MatchId="urn:oasis:names:tc:xacml:1.0:function:string-equal">
						<AttributeValue DataType="http://www.w3.org/2001/XMLSchema#string">X1V1_MEDICO</AttributeValue>
						<AttributeDesignator Category="urn:oasis:names:tc:xacml:1.0:subject-category:access-subject" AttributeId="urn:xacml:3.0:subject:subject-role" DataType="http://www.w3.org/2001/XMLSchema#string" MustBePresent="false"/>
					</Match>
				</AllOf>
			</AnyOf>
		</Target>
		<Rule RuleId="P1.rule_3" Effect="Permit">
			<Target>
				<AnyOf>
					<AllOf>
						<Match MatchId="urn:oasis:names:tc:xacml:1.0:function:string-equal">
							<AttributeValue DataType="http://www.w3.org/2001/XMLSchema#string">57832-8</AttributeValue>
							<AttributeDesignator Category="urn:oasis:names:tc:xacml:3.0:attribute-category:environment" AttributeId="urn:xacml:3.0:environment:type-code" DataType="http://www.w3.org/2001/XMLSchema#string" MustBePresent="false"/>
						</Match>
					</AllOf>
					<AllOf>
						<Match MatchId="urn:oasis:names:tc:xacml:1.0:function:string-equal">
							<AttributeValue DataType="http://www.w3.org/2001/XMLSchema#string">57833-6</AttributeValue>
							<AttributeDesignator Category="urn:oasis:names:tc:xacml:3.0:attribute-category:environment" AttributeId="urn:xacml:3.0:environment:type-code" DataType="http://www.w3.org/2001/XMLSchema#string" MustBePresent="false"/>
						</Match>
					</AllOf>
					<AllOf>
						<Match MatchId="urn:oasis:names:tc:xacml:1.0:function:string-equal">
							<AttributeValue DataType="http://www.w3.org/2001/XMLSchema#string">57834-4</AttributeValue>
							<AttributeDesignator Category="urn:oasis:names:tc:xacml:3.0:attribute-category:environment" AttributeId="urn:xacml:3.0:environment:type-code" DataType="http://www.w3.org/2001/XMLSchema#string" MustBePresent="false"/>
						</Match>
					</AllOf>
					<AllOf>
						<Match MatchId="urn:oasis:names:tc:xacml:1.0:function:string-equal">
							<AttributeValue DataType="http://www.w3.org/2001/XMLSchema#string">11502-2</AttributeValue>
							<AttributeDesignator Category="urn:oasis:names:tc:xacml:3.0:attribute-category:environment" AttributeId="urn:xacml:3.0:environment:type-code" DataType="http://www.w3.org/2001/XMLSchema#string" MustBePresent="false"/>
						</Match>
					</AllOf>
					<AllOf>
						<Match MatchId="urn:oasis:names:tc:xacml:1.0:function:string-equal">
							<AttributeValue DataType="http://www.w3.org/2001/XMLSchema#string">57016-8</AttributeValue>
							<AttributeDesignator Category="urn:oasis:names:tc:xacml:3.0:attribute-category:environment" AttributeId="urn:xacml:3.0:environment:type-code" DataType="http://www.w3.org/2001/XMLSchema#string" MustBePresent="false"/>
						</Match>
					</AllOf>
					<AllOf>
						<Match MatchId="urn:oasis:names:tc:xacml:1.0:function:string-equal">
							<AttributeValue DataType="http://www.w3.org/2001/XMLSchema#string">60591-5</AttributeValue>
							<AttributeDesignator Category="urn:oasis:names:tc:xacml:3.0:attribute-category:environment" AttributeId="urn:xacml:3.0:environment:type-code" DataType="http://www.w3.org/2001/XMLSchema#string" MustBePresent="false"/>
						</Match>
					</AllOf>
					<AllOf>
						<Match MatchId="urn:oasis:names:tc:xacml:1.0:function:string-equal">
							<AttributeValue DataType="http://www.w3.org/2001/XMLSchema#string">68604-8</AttributeValue>
							<AttributeDesignator Category="urn:oasis:names:tc:xacml:3.0:attribute-category:environment" AttributeId="urn:xacml:3.0:environment:type-code" DataType="http://www.w3.org/2001/XMLSchema#string" MustBePresent="false"/>
						</Match>
					</AllOf>
					<AllOf>
						<Match MatchId="urn:oasis:names:tc:xacml:1.0:function:string-equal">
							<AttributeValue DataType="http://www.w3.org/2001/XMLSchema#string">11526-1</AttributeValue>
							<AttributeDesignator Category="urn:oasis:names:tc:xacml:3.0:attribute-category:environment" AttributeId="urn:xacml:3.0:environment:type-code" DataType="http://www.w3.org/2001/XMLSchema#string" MustBePresent="false"/>
						</Match>
					</AllOf>
					<AllOf>
						<Match MatchId="urn:oasis:names:tc:xacml:1.0:function:string-equal">
							<AttributeValue DataType="http://www.w3.org/2001/XMLSchema#string">59284-0</AttributeValue>
							<AttributeDesignator Category="urn:oasis:names:tc:xacml:3.0:attribute-category:environment" AttributeId="urn:xacml:3.0:environment:type-code" DataType="http://www.w3.org/2001/XMLSchema#string" MustBePresent="false"/>
						</Match>
					</AllOf>
					<AllOf>
						<Match MatchId="urn:oasis:names:tc:xacml:1.0:function:string-equal">
							<AttributeValue DataType="http://www.w3.org/2001/XMLSchema#string">consent002</AttributeValue>
							<AttributeDesignator Category="urn:oasis:names:tc:xacml:3.0:attribute-category:environment" AttributeId="urn:xacml:3.0:environment:type-code" DataType="http://www.w3.org/2001/XMLSchema#string" MustBePresent="false"/>
						</Match>
					</AllOf>
					<AllOf>
						<Match MatchId="urn:oasis:names:tc:xacml:1.0:function:string-equal">
							<AttributeValue DataType="http://www.w3.org/2001/XMLSchema#string">consent003</AttributeValue>
							<AttributeDesignator Category="urn:oasis:names:tc:xacml:3.0:attribute-category:environment" AttributeId="urn:xacml:3.0:environment:type-code" DataType="http://www.w3.org/2001/XMLSchema#string" MustBePresent="false"/>
						</Match>
					</AllOf>
				</AnyOf>
			</Target>
		</Rule>
	</Policy>
	<Policy PolicyId="P1.policy.4" Version="1.0" RuleCombiningAlgId="urn:oasis:names:tc:xacml:1.0:rule-combining-algorithm:first-applicable">
		<PolicyDefaults>
			<XPathVersion>http://www.w3.org/TR/1999/Rec-xpath-19991116</XPathVersion>
		</PolicyDefaults>
		<Target>
			<AnyOf>
				<AllOf>
					<Match MatchId="urn:oasis:names:tc:xacml:1.0:function:string-equal">
						<AttributeValue DataType="http://www.w3.org/2001/XMLSchema#string">C</AttributeValue>
						<AttributeDesignator Category="urn:oasis:names:tc:xacml:3.0:attribute-category:action" AttributeId="urn:oasis:names:tc:xacml:1.0:action:action-id" DataType="http://www.w3.org/2001/XMLSchema#string" MustBePresent="false"/>
					</Match>
					<Match MatchId="urn:oasis:names:tc:xacml:1.0:function:string-equal">
						<AttributeValue DataType="http://www.w3.org/2001/XMLSchema#string">X1V1_MEDICO</AttributeValue>
						<AttributeDesignator Category="urn:oasis:names:tc:xacml:1.0:subject-category:access-subject" AttributeId="urn:xacml:3.0:subject:subject-role" DataType="http://www.w3.org/2001/XMLSchema#string" MustBePresent="false"/>
					</Match>
				</AllOf>
			</AnyOf>
		</Target>
		<Rule RuleId="P1.rule_4" Effect="Permit">
			<Target/>
			<Condition>
				<Apply FunctionId="urn:oasis:names:tc:xacml:1.0:function:string-at-least-one-member-of">
		            <AttributeDesignator AttributeId="urn:xacml:3.0:environment:resourceType" Category="urn:oasis:names:tc:xacml:3.0:attribute-category:environment" DataType="http://www.w3.org/2001/XMLSchema#string" MustBePresent="false"></AttributeDesignator>
		            <Apply FunctionId="urn:oasis:names:tc:xacml:1.0:function:string-bag">
		               <AttributeValue DataType="http://www.w3.org/2001/XMLSchema#string">Procedure</AttributeValue>
		               <AttributeValue DataType="http://www.w3.org/2001/XMLSchema#string">ProcedureRequest</AttributeValue>
		               <AttributeValue DataType="http://www.w3.org/2001/XMLSchema#string">Communication</AttributeValue>
		               <AttributeValue DataType="http://www.w3.org/2001/XMLSchema#string">Condition</AttributeValue>
		               <AttributeValue DataType="http://www.w3.org/2001/XMLSchema#string">Observation</AttributeValue>
		               <AttributeValue DataType="http://www.w3.org/2001/XMLSchema#string">QuestionnaireResponse</AttributeValue>
		               <AttributeValue DataType="http://www.w3.org/2001/XMLSchema#string">MedicationOrder</AttributeValue>
		               <AttributeValue DataType="http://www.w3.org/2001/XMLSchema#string">AllergyIntolerance</AttributeValue>
		               <AttributeValue DataType="http://www.w3.org/2001/XMLSchema#string">Encounter</AttributeValue>
		               <AttributeValue DataType="http://www.w3.org/2001/XMLSchema#string">MedicationDispense</AttributeValue>
		               <AttributeValue DataType="http://www.w3.org/2001/XMLSchema#string">MedicationStatement</AttributeValue>
		               <AttributeValue DataType="http://www.w3.org/2001/XMLSchema#string">MedicationAdministration</AttributeValue>
		               <AttributeValue DataType="http://www.w3.org/2001/XMLSchema#string">Medication</AttributeValue>
		               <AttributeValue DataType="http://www.w3.org/2001/XMLSchema#string">CarePlan</AttributeValue>
		               <AttributeValue DataType="http://www.w3.org/2001/XMLSchema#string">Patient</AttributeValue>
		               <AttributeValue DataType="http://www.w3.org/2001/XMLSchema#string">Group</AttributeValue>
		               <AttributeValue DataType="http://www.w3.org/2001/XMLSchema#string">Appointment</AttributeValue>
		               <AttributeValue DataType="http://www.w3.org/2001/XMLSchema#string">RequestGroup</AttributeValue>
		            </Apply>
		         </Apply>
			</Condition>
		</Rule>
	</Policy>
	<Policy PolicyId="P1.policy.5" Version="1.0" RuleCombiningAlgId="urn:oasis:names:tc:xacml:1.0:rule-combining-algorithm:first-applicable">
		<PolicyDefaults>
			<XPathVersion>http://www.w3.org/TR/1999/Rec-xpath-19991116</XPathVersion>
		</PolicyDefaults>
		<Target>
			<AnyOf>
				<AllOf>
					<Match MatchId="urn:oasis:names:tc:xacml:1.0:function:string-equal">
						<AttributeValue DataType="http://www.w3.org/2001/XMLSchema#string">U</AttributeValue>
						<AttributeDesignator Category="urn:oasis:names:tc:xacml:3.0:attribute-category:action" AttributeId="urn:oasis:names:tc:xacml:1.0:action:action-id" DataType="http://www.w3.org/2001/XMLSchema#string" MustBePresent="false"/>
					</Match>
					<Match MatchId="urn:oasis:names:tc:xacml:1.0:function:string-equal">
						<AttributeValue DataType="http://www.w3.org/2001/XMLSchema#string">X1V1_MEDICO</AttributeValue>
						<AttributeDesignator Category="urn:oasis:names:tc:xacml:1.0:subject-category:access-subject" AttributeId="urn:xacml:3.0:subject:subject-role" DataType="http://www.w3.org/2001/XMLSchema#string" MustBePresent="false"/>
					</Match>
				</AllOf>
			</AnyOf>
		</Target>
		<Rule RuleId="P1.rule_5" Effect="Permit">
			<Target/>
			<Condition>
				<Apply FunctionId="urn:oasis:names:tc:xacml:1.0:function:string-at-least-one-member-of">
		            <AttributeDesignator AttributeId="urn:xacml:3.0:environment:resourceType" Category="urn:oasis:names:tc:xacml:3.0:attribute-category:environment" DataType="http://www.w3.org/2001/XMLSchema#string" MustBePresent="false"></AttributeDesignator>
		            <Apply FunctionId="urn:oasis:names:tc:xacml:1.0:function:string-bag">
		               <AttributeValue DataType="http://www.w3.org/2001/XMLSchema#string">Procedure</AttributeValue>
		               <AttributeValue DataType="http://www.w3.org/2001/XMLSchema#string">ProcedureRequest</AttributeValue>
		               <AttributeValue DataType="http://www.w3.org/2001/XMLSchema#string">Communication</AttributeValue>
		               <AttributeValue DataType="http://www.w3.org/2001/XMLSchema#string">Condition</AttributeValue>
		               <AttributeValue DataType="http://www.w3.org/2001/XMLSchema#string">Observation</AttributeValue>
		               <AttributeValue DataType="http://www.w3.org/2001/XMLSchema#string">QuestionnaireResponse</AttributeValue>
		               <AttributeValue DataType="http://www.w3.org/2001/XMLSchema#string">MedicationOrder</AttributeValue>
		               <AttributeValue DataType="http://www.w3.org/2001/XMLSchema#string">AllergyIntolerance</AttributeValue>
		               <AttributeValue DataType="http://www.w3.org/2001/XMLSchema#string">Encounter</AttributeValue>
		               <AttributeValue DataType="http://www.w3.org/2001/XMLSchema#string">MedicationDispense</AttributeValue>
		               <AttributeValue DataType="http://www.w3.org/2001/XMLSchema#string">MedicationStatement</AttributeValue>
		               <AttributeValue DataType="http://www.w3.org/2001/XMLSchema#string">MedicationAdministration</AttributeValue>
		               <AttributeValue DataType="http://www.w3.org/2001/XMLSchema#string">Medication</AttributeValue>
		               <AttributeValue DataType="http://www.w3.org/2001/XMLSchema#string">CarePlan</AttributeValue>
		               <AttributeValue DataType="http://www.w3.org/2001/XMLSchema#string">Patient</AttributeValue>
		               <AttributeValue DataType="http://www.w3.org/2001/XMLSchema#string">Group</AttributeValue>
		               <AttributeValue DataType="http://www.w3.org/2001/XMLSchema#string">Appointment</AttributeValue>
		               <AttributeValue DataType="http://www.w3.org/2001/XMLSchema#string">RequestGroup</AttributeValue>
		            </Apply>
		         </Apply>
			</Condition>
		</Rule>
	</Policy>
	<Policy PolicyId="P1.policy.6" Version="1.0" RuleCombiningAlgId="urn:oasis:names:tc:xacml:1.0:rule-combining-algorithm:first-applicable">
		<PolicyDefaults>
			<XPathVersion>http://www.w3.org/TR/1999/Rec-xpath-19991116</XPathVersion>
		</PolicyDefaults>
		<Target>
			<AnyOf>
				<AllOf>
					<Match MatchId="urn:oasis:names:tc:xacml:1.0:function:string-equal">
						<AttributeValue DataType="http://www.w3.org/2001/XMLSchema#string">D</AttributeValue>
						<AttributeDesignator Category="urn:oasis:names:tc:xacml:3.0:attribute-category:action" AttributeId="urn:oasis:names:tc:xacml:1.0:action:action-id" DataType="http://www.w3.org/2001/XMLSchema#string" MustBePresent="false"/>
					</Match>
					<Match MatchId="urn:oasis:names:tc:xacml:1.0:function:string-equal">
						<AttributeValue DataType="http://www.w3.org/2001/XMLSchema#string">X1V1_MEDICO</AttributeValue>
						<AttributeDesignator Category="urn:oasis:names:tc:xacml:1.0:subject-category:access-subject" AttributeId="urn:xacml:3.0:subject:subject-role" DataType="http://www.w3.org/2001/XMLSchema#string" MustBePresent="false"/>
					</Match>
				</AllOf>
			</AnyOf>
		</Target>
		<Rule RuleId="P1.rule_6" Effect="Permit">
			<Target/>
			<Condition>
				<Apply FunctionId="urn:oasis:names:tc:xacml:1.0:function:string-at-least-one-member-of">
		            <AttributeDesignator AttributeId="urn:xacml:3.0:environment:resourceType" Category="urn:oasis:names:tc:xacml:3.0:attribute-category:environment" DataType="http://www.w3.org/2001/XMLSchema#string" MustBePresent="false"></AttributeDesignator>
		            <Apply FunctionId="urn:oasis:names:tc:xacml:1.0:function:string-bag">
		               <AttributeValue DataType="http://www.w3.org/2001/XMLSchema#string">Procedure</AttributeValue>
		               <AttributeValue DataType="http://www.w3.org/2001/XMLSchema#string">ProcedureRequest</AttributeValue>
		               <AttributeValue DataType="http://www.w3.org/2001/XMLSchema#string">Communication</AttributeValue>
		               <AttributeValue DataType="http://www.w3.org/2001/XMLSchema#string">Condition</AttributeValue>
		               <AttributeValue DataType="http://www.w3.org/2001/XMLSchema#string">Observation</AttributeValue>
		               <AttributeValue DataType="http://www.w3.org/2001/XMLSchema#string">QuestionnaireResponse</AttributeValue>
		               <AttributeValue DataType="http://www.w3.org/2001/XMLSchema#string">MedicationOrder</AttributeValue>
		               <AttributeValue DataType="http://www.w3.org/2001/XMLSchema#string">AllergyIntolerance</AttributeValue>
		               <AttributeValue DataType="http://www.w3.org/2001/XMLSchema#string">Encounter</AttributeValue>
		               <AttributeValue DataType="http://www.w3.org/2001/XMLSchema#string">MedicationDispense</AttributeValue>
		               <AttributeValue DataType="http://www.w3.org/2001/XMLSchema#string">MedicationStatement</AttributeValue>
		               <AttributeValue DataType="http://www.w3.org/2001/XMLSchema#string">MedicationAdministration</AttributeValue>
		               <AttributeValue DataType="http://www.w3.org/2001/XMLSchema#string">Medication</AttributeValue>
		               <AttributeValue DataType="http://www.w3.org/2001/XMLSchema#string">CarePlan</AttributeValue>
		               <AttributeValue DataType="http://www.w3.org/2001/XMLSchema#string">Patient</AttributeValue>
		               <AttributeValue DataType="http://www.w3.org/2001/XMLSchema#string">Group</AttributeValue>
		               <AttributeValue DataType="http://www.w3.org/2001/XMLSchema#string">Appointment</AttributeValue>
		               <AttributeValue DataType="http://www.w3.org/2001/XMLSchema#string">RequestGroup</AttributeValue>
		            </Apply>
		         </Apply>
			</Condition>
		</Rule>
	</Policy>
	<Policy PolicyId="P1.policy.deny" Version="1.0" RuleCombiningAlgId="urn:oasis:names:tc:xacml:1.0:rule-combining-algorithm:first-applicable">
		<PolicyDefaults>
			<XPathVersion>http://www.w3.org/TR/1999/Rec-xpath-19991116</XPathVersion>
		</PolicyDefaults>
		<Target/>
		<Rule RuleId="P1.rule_deny" Effect="Deny">
			<Target/>
		</Rule>
	</Policy>
</PolicySet>