<?xml version="1.0" encoding="UTF-8" standalone="yes"?>
<PolicySet xmlns="urn:oasis:names:tc:xacml:3.0:core:schema:wd-17" PolicySetId="rest_policy" PolicyCombiningAlgId="urn:oasis:names:tc:xacml:1.0:policy-combining-algorithm:first-applicable" Version="1.0">
    <PolicySetDefaults>
        <XPathVersion>http://www.w3.org/TR/1999/Rec-xpath-19991116</XPathVersion>
    </PolicySetDefaults>
    <Target/>
	<Policy PolicyId="rest_policy.X1V1_ROLES.GET" Version="1.0" RuleCombiningAlgId="urn:oasis:names:tc:xacml:1.0:rule-combining-algorithm:first-applicable">
        <PolicyDefaults>
            <XPathVersion>http://www.w3.org/TR/1999/Rec-xpath-19991116</XPathVersion>
        </PolicyDefaults>
        <Target>
            <AnyOf>
                <AllOf>
                    <Match MatchId="urn:oasis:names:tc:xacml:1.0:function:string-equal">
                        <AttributeValue DataType="http://www.w3.org/2001/XMLSchema#string">GET</AttributeValue>
                        <AttributeDesignator Category="urn:oasis:names:tc:xacml:3.0:attribute-category:httpmethod" AttributeId="urn:oasis:names:tc:xacml:1.0:method:method-id" DataType="http://www.w3.org/2001/XMLSchema#string" MustBePresent="false"/>
                    </Match>
                </AllOf>
            </AnyOf>
        </Target>
        <Rule RuleId="rest_policy.rule.X1V1_ROLES.GET" Effect="Permit">
			<Target/>
			<Condition>
				<Apply FunctionId="urn:oasis:names:tc:xacml:1.0:function:string-at-least-one-member-of">
					<Description>
						This condition evaluates the roles.
					</Description>
					<AttributeDesignator Category="urn:oasis:names:tc:xacml:1.0:subject-category:access-subject" AttributeId="urn:xacml:3.0:subject:subject-role" DataType="http://www.w3.org/2001/XMLSchema#string" MustBePresent="false"/>
                    <Apply FunctionId="urn:oasis:names:tc:xacml:1.0:function:string-bag">
						<AttributeValue DataType="http://www.w3.org/2001/XMLSchema#string">X1V1_MEDICO</AttributeValue>
						<AttributeValue DataType="http://www.w3.org/2001/XMLSchema#string">X1V1_ASSISTITO</AttributeValue>
						<AttributeValue DataType="http://www.w3.org/2001/XMLSchema#string">X1V1_TUTORE</AttributeValue>
						<AttributeValue DataType="http://www.w3.org/2001/XMLSchema#string">X1V1_AMMINISTRATIVO</AttributeValue>
					</Apply>
				</Apply>
			</Condition>
        </Rule>
    </Policy>
    <Policy PolicyId="rest_policy.X1V1_ROLES.POST" Version="1.0" RuleCombiningAlgId="urn:oasis:names:tc:xacml:1.0:rule-combining-algorithm:first-applicable">
        <PolicyDefaults>
            <XPathVersion>http://www.w3.org/TR/1999/Rec-xpath-19991116</XPathVersion>
        </PolicyDefaults>
        <Target>
            <AnyOf>
                <AllOf>
                    <Match MatchId="urn:oasis:names:tc:xacml:1.0:function:string-equal">
                        <AttributeValue DataType="http://www.w3.org/2001/XMLSchema#string">POST</AttributeValue>
                        <AttributeDesignator Category="urn:oasis:names:tc:xacml:3.0:attribute-category:httpmethod" AttributeId="urn:oasis:names:tc:xacml:1.0:method:method-id" DataType="http://www.w3.org/2001/XMLSchema#string" MustBePresent="false"/>
                    </Match>
                </AllOf>
            </AnyOf>
        </Target>
        <Rule RuleId="rest_policy.rule.X1V1_ROLES.POST" Effect="Permit">
			<Target/>
			<Condition>
				<Apply FunctionId="urn:oasis:names:tc:xacml:1.0:function:string-at-least-one-member-of">
					<Description>
						This condition evaluates the roles.
					</Description>
					<AttributeDesignator Category="urn:oasis:names:tc:xacml:1.0:subject-category:access-subject" AttributeId="urn:xacml:3.0:subject:subject-role" DataType="http://www.w3.org/2001/XMLSchema#string" MustBePresent="false"/>
                    <Apply FunctionId="urn:oasis:names:tc:xacml:1.0:function:string-bag">
						<AttributeValue DataType="http://www.w3.org/2001/XMLSchema#string">X1V1_MEDICO</AttributeValue>
						<AttributeValue DataType="http://www.w3.org/2001/XMLSchema#string">X1V1_ASSISTITO</AttributeValue>
						<AttributeValue DataType="http://www.w3.org/2001/XMLSchema#string">X1V1_TUTORE</AttributeValue>
						<AttributeValue DataType="http://www.w3.org/2001/XMLSchema#string">X1V1_AMMINISTRATIVO</AttributeValue>
					</Apply>
				</Apply>
			</Condition>
        </Rule>
    </Policy>
    <Policy PolicyId="rest_policy.X1V1_ROLES.PUT" Version="1.0" RuleCombiningAlgId="urn:oasis:names:tc:xacml:1.0:rule-combining-algorithm:first-applicable">
        <PolicyDefaults>
            <XPathVersion>http://www.w3.org/TR/1999/Rec-xpath-19991116</XPathVersion>
        </PolicyDefaults>
        <Target>
            <AnyOf>
                <AllOf>
                    <Match MatchId="urn:oasis:names:tc:xacml:1.0:function:string-equal">
                        <AttributeValue DataType="http://www.w3.org/2001/XMLSchema#string">PUT</AttributeValue>
                        <AttributeDesignator Category="urn:oasis:names:tc:xacml:3.0:attribute-category:httpmethod" AttributeId="urn:oasis:names:tc:xacml:1.0:method:method-id" DataType="http://www.w3.org/2001/XMLSchema#string" MustBePresent="false"/>
                    </Match>
                </AllOf>
            </AnyOf>
        </Target>
        <Rule RuleId="rest_policy.rule.X1V1_ROLES.PUT" Effect="Permit">
			<Target/>
			<Condition>
				<Apply FunctionId="urn:oasis:names:tc:xacml:1.0:function:string-at-least-one-member-of">
					<Description>
						This condition evaluates the roles.
					</Description>
					<AttributeDesignator Category="urn:oasis:names:tc:xacml:1.0:subject-category:access-subject" AttributeId="urn:xacml:3.0:subject:subject-role" DataType="http://www.w3.org/2001/XMLSchema#string" MustBePresent="false"/>
                    <Apply FunctionId="urn:oasis:names:tc:xacml:1.0:function:string-bag">
						<AttributeValue DataType="http://www.w3.org/2001/XMLSchema#string">X1V1_MEDICO</AttributeValue>
						<AttributeValue DataType="http://www.w3.org/2001/XMLSchema#string">X1V1_ASSISTITO</AttributeValue>
						<AttributeValue DataType="http://www.w3.org/2001/XMLSchema#string">X1V1_TUTORE</AttributeValue>
						<AttributeValue DataType="http://www.w3.org/2001/XMLSchema#string">X1V1_AMMINISTRATIVO</AttributeValue>
					</Apply>
				</Apply>
			</Condition>
        </Rule>
    </Policy>
    <Policy PolicyId="rest_policy.X1V1_ROLES.DELETE" Version="1.0" RuleCombiningAlgId="urn:oasis:names:tc:xacml:1.0:rule-combining-algorithm:first-applicable">
        <PolicyDefaults>
            <XPathVersion>http://www.w3.org/TR/1999/Rec-xpath-19991116</XPathVersion>
        </PolicyDefaults>
        <Target>
            <AnyOf>
                <AllOf>
                    <Match MatchId="urn:oasis:names:tc:xacml:1.0:function:string-equal">
                        <AttributeValue DataType="http://www.w3.org/2001/XMLSchema#string">DELETE</AttributeValue>
                        <AttributeDesignator Category="urn:oasis:names:tc:xacml:3.0:attribute-category:httpmethod" AttributeId="urn:oasis:names:tc:xacml:1.0:method:method-id" DataType="http://www.w3.org/2001/XMLSchema#string" MustBePresent="false"/>
                    </Match>
                </AllOf>
            </AnyOf>
        </Target>
        <Rule RuleId="rest_policy.rule.X1V1_ROLES.DELETE" Effect="Permit">
			<Target/>
			<Condition>
				<Apply FunctionId="urn:oasis:names:tc:xacml:1.0:function:string-at-least-one-member-of">
					<Description>
						This condition evaluates the roles.
					</Description>
					<AttributeDesignator Category="urn:oasis:names:tc:xacml:1.0:subject-category:access-subject" AttributeId="urn:xacml:3.0:subject:subject-role" DataType="http://www.w3.org/2001/XMLSchema#string" MustBePresent="false"/>
                    <Apply FunctionId="urn:oasis:names:tc:xacml:1.0:function:string-bag">
						<AttributeValue DataType="http://www.w3.org/2001/XMLSchema#string">X1V1_MEDICO</AttributeValue>
						<AttributeValue DataType="http://www.w3.org/2001/XMLSchema#string">X1V1_ASSISTITO</AttributeValue>
						<AttributeValue DataType="http://www.w3.org/2001/XMLSchema#string">X1V1_TUTORE</AttributeValue>
						<AttributeValue DataType="http://www.w3.org/2001/XMLSchema#string">X1V1_AMMINISTRATIVO</AttributeValue>
					</Apply>
				</Apply>
			</Condition>
        </Rule>
    </Policy>
    <Policy PolicyId="rest_policy.X1V1_ROLES.HEAD" Version="1.0" RuleCombiningAlgId="urn:oasis:names:tc:xacml:1.0:rule-combining-algorithm:first-applicable">
        <PolicyDefaults>
            <XPathVersion>http://www.w3.org/TR/1999/Rec-xpath-19991116</XPathVersion>
        </PolicyDefaults>
        <Target>
            <AnyOf>
                <AllOf>
                    <Match MatchId="urn:oasis:names:tc:xacml:1.0:function:string-equal">
                        <AttributeValue DataType="http://www.w3.org/2001/XMLSchema#string">HEAD</AttributeValue>
                        <AttributeDesignator Category="urn:oasis:names:tc:xacml:3.0:attribute-category:httpmethod" AttributeId="urn:oasis:names:tc:xacml:1.0:method:method-id" DataType="http://www.w3.org/2001/XMLSchema#string" MustBePresent="false"/>
                    </Match>
                </AllOf>
            </AnyOf>
        </Target>
        <Rule RuleId="rest_policy.rule.X1V1_ROLES.HEAD" Effect="Permit">
			<Target/>
			<Condition>
				<Apply FunctionId="urn:oasis:names:tc:xacml:1.0:function:string-at-least-one-member-of">
					<Description>
						This condition evaluates the roles.
					</Description>
					<AttributeDesignator Category="urn:oasis:names:tc:xacml:1.0:subject-category:access-subject" AttributeId="urn:xacml:3.0:subject:subject-role" DataType="http://www.w3.org/2001/XMLSchema#string" MustBePresent="false"/>
                    <Apply FunctionId="urn:oasis:names:tc:xacml:1.0:function:string-bag">
						<AttributeValue DataType="http://www.w3.org/2001/XMLSchema#string">X1V1_MEDICO</AttributeValue>
						<AttributeValue DataType="http://www.w3.org/2001/XMLSchema#string">X1V1_ASSISTITO</AttributeValue>
						<AttributeValue DataType="http://www.w3.org/2001/XMLSchema#string">X1V1_TUTORE</AttributeValue>
						<AttributeValue DataType="http://www.w3.org/2001/XMLSchema#string">X1V1_AMMINISTRATIVO</AttributeValue>
					</Apply>
				</Apply>
			</Condition>
        </Rule>
    </Policy>
    <Policy PolicyId="rest_policy.policy.deny" Version="1.0" RuleCombiningAlgId="urn:oasis:names:tc:xacml:1.0:rule-combining-algorithm:first-applicable">
        <PolicyDefaults>
            <XPathVersion>http://www.w3.org/TR/1999/Rec-xpath-19991116</XPathVersion>
        </PolicyDefaults>
        <Target/>
        <Rule RuleId="rest_policy.rule_deny" Effect="Deny">
            <Target/>
        </Rule>
    </Policy>
</PolicySet>