<?xml version="1.0" encoding="UTF-8" standalone="yes"?>
<PolicySet xmlns="urn:oasis:names:tc:xacml:3.0:core:schema:wd-17" PolicySetId="P99" PolicyCombiningAlgId="urn:oasis:names:tc:xacml:1.0:policy-combining-algorithm:first-applicable" Version="1.0">
    <PolicySetDefaults>
        <XPathVersion>http://www.w3.org/TR/1999/Rec-xpath-19991116</XPathVersion>
    </PolicySetDefaults>
    <Target/>
    <Policy PolicyId="P99.policy.1" Version="1.0" RuleCombiningAlgId="urn:oasis:names:tc:xacml:1.0:rule-combining-algorithm:first-applicable">
        <PolicyDefaults>
            <XPathVersion>http://www.w3.org/TR/1999/Rec-xpath-19991116</XPathVersion>
        </PolicyDefaults>
        <Target>
            <AnyOf>
                <AllOf>
                    <Match MatchId="urn:oasis:names:tc:xacml:1.0:function:string-equal">
                        <AttributeValue DataType="http://www.w3.org/2001/XMLSchema#string">R</AttributeValue>
                        <AttributeDesignator Category="urn:oasis:names:tc:xacml:3.0:attribute-category:action" AttributeId="urn:oasis:names:tc:xacml:1.0:action:action-id" DataType="http://www.w3.org/2001/XMLSchema#string" MustBePresent="false"/>
                    </Match>
                    <Match MatchId="urn:oasis:names:tc:xacml:1.0:function:string-equal">
                        <AttributeValue DataType="http://www.w3.org/2001/XMLSchema#string">X1V1_ASSISTITO</AttributeValue>
                        <AttributeDesignator Category="urn:oasis:names:tc:xacml:1.0:subject-category:access-subject" AttributeId="urn:xacml:3.0:subject:subject-role" DataType="http://www.w3.org/2001/XMLSchema#string" MustBePresent="false"/>
                    </Match>
                </AllOf>
            </AnyOf>
        </Target>
        <Rule RuleId="P99.rule_1" Effect="Permit">
			<Target>
				<AnyOf>
					<AllOf>
						<Match MatchId="urn:oasis:names:tc:xacml:1.0:function:string-equal">
							<AttributeValue DataType="http://www.w3.org/2001/XMLSchema#string">57832-8</AttributeValue>
							<AttributeDesignator Category="urn:oasis:names:tc:xacml:3.0:attribute-category:environment" AttributeId="urn:xacml:3.0:environment:type-code" DataType="http://www.w3.org/2001/XMLSchema#string" MustBePresent="false"/>
						</Match>
					</AllOf>
					<AllOf>
						<Match MatchId="urn:oasis:names:tc:xacml:1.0:function:string-equal">
							<AttributeValue DataType="http://www.w3.org/2001/XMLSchema#string">57833-6</AttributeValue>
							<AttributeDesignator Category="urn:oasis:names:tc:xacml:3.0:attribute-category:environment" AttributeId="urn:xacml:3.0:environment:type-code" DataType="http://www.w3.org/2001/XMLSchema#string" MustBePresent="false"/>
						</Match>
					</AllOf>
					<AllOf>
						<Match MatchId="urn:oasis:names:tc:xacml:1.0:function:string-equal">
							<AttributeValue DataType="http://www.w3.org/2001/XMLSchema#string">57834-4</AttributeValue>
							<AttributeDesignator Category="urn:oasis:names:tc:xacml:3.0:attribute-category:environment" AttributeId="urn:xacml:3.0:environment:type-code" DataType="http://www.w3.org/2001/XMLSchema#string" MustBePresent="false"/>
						</Match>
					</AllOf>
					<AllOf>
						<Match MatchId="urn:oasis:names:tc:xacml:1.0:function:string-equal">
							<AttributeValue DataType="http://www.w3.org/2001/XMLSchema#string">11502-2</AttributeValue>
							<AttributeDesignator Category="urn:oasis:names:tc:xacml:3.0:attribute-category:environment" AttributeId="urn:xacml:3.0:environment:type-code" DataType="http://www.w3.org/2001/XMLSchema#string" MustBePresent="false"/>
						</Match>
					</AllOf>
					<AllOf>
						<Match MatchId="urn:oasis:names:tc:xacml:1.0:function:string-equal">
							<AttributeValue DataType="http://www.w3.org/2001/XMLSchema#string">60591-5</AttributeValue>
							<AttributeDesignator Category="urn:oasis:names:tc:xacml:3.0:attribute-category:environment" AttributeId="urn:xacml:3.0:environment:type-code" DataType="http://www.w3.org/2001/XMLSchema#string" MustBePresent="false"/>
						</Match>
					</AllOf>
					<AllOf>
						<Match MatchId="urn:oasis:names:tc:xacml:1.0:function:string-equal">
							<AttributeValue DataType="http://www.w3.org/2001/XMLSchema#string">68604-8</AttributeValue>
							<AttributeDesignator Category="urn:oasis:names:tc:xacml:3.0:attribute-category:environment" AttributeId="urn:xacml:3.0:environment:type-code" DataType="http://www.w3.org/2001/XMLSchema#string" MustBePresent="false"/>
						</Match>
					</AllOf>
					<AllOf>
						<Match MatchId="urn:oasis:names:tc:xacml:1.0:function:string-equal">
							<AttributeValue DataType="http://www.w3.org/2001/XMLSchema#string">11526-1</AttributeValue>
							<AttributeDesignator Category="urn:oasis:names:tc:xacml:3.0:attribute-category:environment" AttributeId="urn:xacml:3.0:environment:type-code" DataType="http://www.w3.org/2001/XMLSchema#string" MustBePresent="false"/>
						</Match>
					</AllOf>
				</AnyOf>
			</Target>
			<Condition>
				<Apply FunctionId="urn:oasis:names:tc:xacml:1.0:function:and">
	  				<Apply FunctionId="urn:oasis:names:tc:xacml:1.0:function:any-of-any">
	   					<Function FunctionId="urn:oasis:names:tc:xacml:1.0:function:date-greater-than-or-equal"/>
	   					<AttributeDesignator Category="urn:oasis:names:tc:xacml:3.0:attribute-category:environment" AttributeId="urn:xacml:3.0:environment:creation-date" DataType="http://www.w3.org/2001/XMLSchema#date" MustBePresent="false"/>
						<AttributeDesignator Category="urn:oasis:names:tc:xacml:3.0:attribute-category:environment" AttributeId="urn:xacml:3.0:environment:consent:startdate" DataType="http://www.w3.org/2001/XMLSchema#date" MustBePresent="false"/>
	  				</Apply>
	  				<Apply FunctionId="urn:oasis:names:tc:xacml:1.0:function:any-of-any">
	   					<Function FunctionId="urn:oasis:names:tc:xacml:1.0:function:date-less-than-or-equal"/>
	   					<AttributeDesignator Category="urn:oasis:names:tc:xacml:3.0:attribute-category:environment" AttributeId="urn:xacml:3.0:environment:creation-date" DataType="http://www.w3.org/2001/XMLSchema#date" MustBePresent="false"/>
						<AttributeDesignator Category="urn:oasis:names:tc:xacml:3.0:attribute-category:environment" AttributeId="urn:xacml:3.0:environment:consent:enddate" DataType="http://www.w3.org/2001/XMLSchema#date" MustBePresent="false"/>
	  				</Apply>
	  			</Apply>
 			</Condition>
		</Rule>
    </Policy>
    <Policy PolicyId="P99.policy.2" Version="1.0" RuleCombiningAlgId="urn:oasis:names:tc:xacml:1.0:rule-combining-algorithm:first-applicable">
        <PolicyDefaults>
            <XPathVersion>http://www.w3.org/TR/1999/Rec-xpath-19991116</XPathVersion>
        </PolicyDefaults>
        <Target>
            <AnyOf>
                <AllOf>
                    <Match MatchId="urn:oasis:names:tc:xacml:1.0:function:string-equal">
                        <AttributeValue DataType="http://www.w3.org/2001/XMLSchema#string">R</AttributeValue>
                        <AttributeDesignator Category="urn:oasis:names:tc:xacml:3.0:attribute-category:action" AttributeId="urn:oasis:names:tc:xacml:1.0:action:action-id" DataType="http://www.w3.org/2001/XMLSchema#string" MustBePresent="false"/>
                    </Match>
                    <Match MatchId="urn:oasis:names:tc:xacml:1.0:function:string-equal">
                        <AttributeValue DataType="http://www.w3.org/2001/XMLSchema#string">X1V1_TUTORE</AttributeValue>
                        <AttributeDesignator Category="urn:oasis:names:tc:xacml:1.0:subject-category:access-subject" AttributeId="urn:xacml:3.0:subject:subject-role" DataType="http://www.w3.org/2001/XMLSchema#string" MustBePresent="false"/>
                    </Match>
                </AllOf>
            </AnyOf>
        </Target>
        <Rule RuleId="P99.rule_2" Effect="Permit">
			<Target>
				<AnyOf>
					<AllOf>
						<Match MatchId="urn:oasis:names:tc:xacml:1.0:function:string-equal">
							<AttributeValue DataType="http://www.w3.org/2001/XMLSchema#string">57832-8</AttributeValue>
							<AttributeDesignator Category="urn:oasis:names:tc:xacml:3.0:attribute-category:environment" AttributeId="urn:xacml:3.0:environment:type-code" DataType="http://www.w3.org/2001/XMLSchema#string" MustBePresent="false"/>
						</Match>
					</AllOf>
					<AllOf>
						<Match MatchId="urn:oasis:names:tc:xacml:1.0:function:string-equal">
							<AttributeValue DataType="http://www.w3.org/2001/XMLSchema#string">57833-6</AttributeValue>
							<AttributeDesignator Category="urn:oasis:names:tc:xacml:3.0:attribute-category:environment" AttributeId="urn:xacml:3.0:environment:type-code" DataType="http://www.w3.org/2001/XMLSchema#string" MustBePresent="false"/>
						</Match>
					</AllOf>
					<AllOf>
						<Match MatchId="urn:oasis:names:tc:xacml:1.0:function:string-equal">
							<AttributeValue DataType="http://www.w3.org/2001/XMLSchema#string">57834-4</AttributeValue>
							<AttributeDesignator Category="urn:oasis:names:tc:xacml:3.0:attribute-category:environment" AttributeId="urn:xacml:3.0:environment:type-code" DataType="http://www.w3.org/2001/XMLSchema#string" MustBePresent="false"/>
						</Match>
					</AllOf>
					<AllOf>
						<Match MatchId="urn:oasis:names:tc:xacml:1.0:function:string-equal">
							<AttributeValue DataType="http://www.w3.org/2001/XMLSchema#string">11502-2</AttributeValue>
							<AttributeDesignator Category="urn:oasis:names:tc:xacml:3.0:attribute-category:environment" AttributeId="urn:xacml:3.0:environment:type-code" DataType="http://www.w3.org/2001/XMLSchema#string" MustBePresent="false"/>
						</Match>
					</AllOf>
					<AllOf>
						<Match MatchId="urn:oasis:names:tc:xacml:1.0:function:string-equal">
							<AttributeValue DataType="http://www.w3.org/2001/XMLSchema#string">60591-5</AttributeValue>
							<AttributeDesignator Category="urn:oasis:names:tc:xacml:3.0:attribute-category:environment" AttributeId="urn:xacml:3.0:environment:type-code" DataType="http://www.w3.org/2001/XMLSchema#string" MustBePresent="false"/>
						</Match>
					</AllOf>
					<AllOf>
						<Match MatchId="urn:oasis:names:tc:xacml:1.0:function:string-equal">
							<AttributeValue DataType="http://www.w3.org/2001/XMLSchema#string">68604-8</AttributeValue>
							<AttributeDesignator Category="urn:oasis:names:tc:xacml:3.0:attribute-category:environment" AttributeId="urn:xacml:3.0:environment:type-code" DataType="http://www.w3.org/2001/XMLSchema#string" MustBePresent="false"/>
						</Match>
					</AllOf>
					<AllOf>
						<Match MatchId="urn:oasis:names:tc:xacml:1.0:function:string-equal">
							<AttributeValue DataType="http://www.w3.org/2001/XMLSchema#string">11526-1</AttributeValue>
							<AttributeDesignator Category="urn:oasis:names:tc:xacml:3.0:attribute-category:environment" AttributeId="urn:xacml:3.0:environment:type-code" DataType="http://www.w3.org/2001/XMLSchema#string" MustBePresent="false"/>
						</Match>
					</AllOf>
				</AnyOf>
			</Target>
			<Condition>
				<Apply FunctionId="urn:oasis:names:tc:xacml:1.0:function:and">
	  				<Apply FunctionId="urn:oasis:names:tc:xacml:1.0:function:any-of-any">
	   					<Function FunctionId="urn:oasis:names:tc:xacml:1.0:function:date-greater-than-or-equal"/>
	   					<AttributeDesignator Category="urn:oasis:names:tc:xacml:3.0:attribute-category:environment" AttributeId="urn:xacml:3.0:environment:creation-date" DataType="http://www.w3.org/2001/XMLSchema#date" MustBePresent="false"/>
						<AttributeDesignator Category="urn:oasis:names:tc:xacml:3.0:attribute-category:environment" AttributeId="urn:xacml:3.0:environment:consent:startdate" DataType="http://www.w3.org/2001/XMLSchema#date" MustBePresent="false"/>
	  				</Apply>
	  				<Apply FunctionId="urn:oasis:names:tc:xacml:1.0:function:any-of-any">
	   					<Function FunctionId="urn:oasis:names:tc:xacml:1.0:function:date-less-than-or-equal"/>
	   					<AttributeDesignator Category="urn:oasis:names:tc:xacml:3.0:attribute-category:environment" AttributeId="urn:xacml:3.0:environment:creation-date" DataType="http://www.w3.org/2001/XMLSchema#date" MustBePresent="false"/>
						<AttributeDesignator Category="urn:oasis:names:tc:xacml:3.0:attribute-category:environment" AttributeId="urn:xacml:3.0:environment:consent:enddate" DataType="http://www.w3.org/2001/XMLSchema#date" MustBePresent="false"/>
	  				</Apply>
	  			</Apply>
 			</Condition>
		</Rule>
    </Policy>
    <Policy PolicyId="P99.policy.deny" Version="1.0" RuleCombiningAlgId="urn:oasis:names:tc:xacml:1.0:rule-combining-algorithm:first-applicable">
        <PolicyDefaults>
            <XPathVersion>http://www.w3.org/TR/1999/Rec-xpath-19991116</XPathVersion>
        </PolicyDefaults>
        <Target/>
        <Rule RuleId="P99.rule_deny" Effect="Deny">
            <Target/>
        </Rule>
    </Policy>
</PolicySet>
