<?xml version="1.0" encoding="UTF-8" standalone="yes"?>
<PolicySet xmlns="urn:oasis:names:tc:xacml:3.0:core:schema:wd-17" PolicySetId="TutorRolePolicy" PolicyCombiningAlgId="urn:oasis:names:tc:xacml:1.0:policy-combining-algorithm:first-applicable" Version="1.0">
	<PolicySetDefaults>
		<XPathVersion>http://www.w3.org/TR/1999/Rec-xpath-19991116</XPathVersion>
	</PolicySetDefaults>
	<Description>
		Pre-condition to active this policy-set for user with role "X1V1_TUTOR". 
	</Description>
	<Target>
		<AnyOf>
			<AllOf>		
				<Match MatchId="urn:oasis:names:tc:xacml:1.0:function:string-equal">
					<AttributeValue DataType="http://www.w3.org/2001/XMLSchema#string">X1V1_TUTORE</AttributeValue>
					<AttributeDesignator Category="urn:oasis:names:tc:xacml:1.0:subject-category:access-subject" AttributeId="urn:xacml:3.0:subject:subject-role" DataType="http://www.w3.org/2001/XMLSchema#string" MustBePresent="false"/>
				</Match>
			</AllOf>
		</AnyOf>
	</Target>
	<Policy PolicyId="TutorRolePolicy.read" Version="1.0" RuleCombiningAlgId="urn:oasis:names:tc:xacml:1.0:rule-combining-algorithm:first-applicable">
		<PolicyDefaults>
			<XPathVersion>http://www.w3.org/TR/1999/Rec-xpath-19991116</XPathVersion>
		</PolicyDefaults>
		<Description>
			Pre-condition to active this policy. Service shall be called to act a R operation (read).
		</Description>
		<Target>
			<AnyOf>
				<AllOf>	
					<Match MatchId="urn:oasis:names:tc:xacml:1.0:function:string-equal">
						<AttributeValue DataType="http://www.w3.org/2001/XMLSchema#string">R</AttributeValue>
						<AttributeDesignator Category="urn:oasis:names:tc:xacml:3.0:attribute-category:action" AttributeId="urn:oasis:names:tc:xacml:1.0:action:action-id" DataType="http://www.w3.org/2001/XMLSchema#string" MustBePresent="false"/>
					</Match>
				</AllOf>
			</AnyOf>
		</Target>
		<Rule RuleId="TutorRolePolicy.read.isPermit" Effect="Permit">
			<Target />
			<Condition>
				<Apply FunctionId="urn:oasis:names:tc:xacml:1.0:function:or">
					<Description>
						This condition evaluates:
							(PatientIdentifier equals "NO_PATIENT_IDENTIFIERS")
								OR
							(
								(SubjectId memberOf PatientTutorIds) 
									AND 
								(consents @policy.obscuring.document.forTutorAndPatient.code@_active and @policy.obscuring.document.forTutor.code@_active are missing)
									AND 
								(
									(@policy.authConsultationLast45Days.code@_active doesn't exist)
										OR 
									(
										(@policy.authConsultationLast45Days.code@_active exists) 
											AND 
										(resource was created in the last 45 days)
									)
								)
							)
					</Description>
					<!-- PatientDoesntExist -->
					<Apply FunctionId="urn:oasis:names:tc:xacml:1.0:function:string-at-least-one-member-of">
						<AttributeDesignator Category="urn:oasis:names:tc:xacml:3.0:attribute-category:environment" AttributeId="urn:xacml:3.0:environment:patientId" DataType="http://www.w3.org/2001/XMLSchema#string" MustBePresent="false"/>
						<Apply FunctionId="urn:oasis:names:tc:xacml:1.0:function:string-bag">
							<AttributeValue DataType="http://www.w3.org/2001/XMLSchema#string">NO_PATIENT_IDENTIFIERS</AttributeValue>
						</Apply>
					</Apply>
					<Apply FunctionId="urn:oasis:names:tc:xacml:1.0:function:and">				
						<Apply FunctionId="urn:oasis:names:tc:xacml:1.0:function:string-at-least-one-member-of">
							<Description>
								This condition evaluates if subject ID is member tutor IDs for resource-patient.
							</Description>
							<AttributeDesignator Category="urn:oasis:names:tc:xacml:1.0:subject-category:subject" AttributeId="urn:xacml:3.0:subject:subject-id" DataType="http://www.w3.org/2001/XMLSchema#string" MustBePresent="false"/>
							<AttributeDesignator Category="urn:oasis:names:tc:xacml:3.0:attribute-category:environment" AttributeId="urn:xacml:3.0:environment:patientTutors" DataType="http://www.w3.org/2001/XMLSchema#string" MustBePresent="false"/>
						</Apply>
						<Apply FunctionId="urn:oasis:names:tc:xacml:1.0:function:not">
							<Description>
								This condition evaluates the consents @policy.obscuring.document.forTutorAndPatient.code@_active and @policy.obscuring.document.forTutor.code@_active are missing.
							</Description>
							<Apply FunctionId="urn:oasis:names:tc:xacml:1.0:function:string-at-least-one-member-of">
								<AttributeDesignator Category="urn:oasis:names:tc:xacml:3.0:attribute-category:environment" AttributeId="urn:xacml:3.0:environment:consents" DataType="http://www.w3.org/2001/XMLSchema#string" MustBePresent="false"/>
								<Apply FunctionId="urn:oasis:names:tc:xacml:1.0:function:string-bag">
									<AttributeValue DataType="http://www.w3.org/2001/XMLSchema#string">@policy.obscuring.document.forTutor.code@_active</AttributeValue>
									<AttributeValue DataType="http://www.w3.org/2001/XMLSchema#string">@policy.obscuring.document.forTutorAndPatient.code@_active</AttributeValue>
								</Apply>
							</Apply>
						</Apply>
						<Apply FunctionId="urn:oasis:names:tc:xacml:1.0:function:or">
							<Description>
								This condition evaluates:
									(@policy.authConsultationLast45Days.code@_active doesn't exist)
										OR 
									(
										(@policy.authConsultationLast45Days.code@_active exists) 
											AND 
										(resource was created in the last 45 days)
									)
							</Description>
							<Apply FunctionId="urn:oasis:names:tc:xacml:1.0:function:not">
								<Apply FunctionId="urn:oasis:names:tc:xacml:1.0:function:string-at-least-one-member-of">
									<Description>
										This condition evaluates the consent @policy.authConsultationLast45Days.code@_active is missing.
									</Description>
									<AttributeDesignator Category="urn:oasis:names:tc:xacml:3.0:attribute-category:environment" AttributeId="urn:xacml:3.0:environment:consents" DataType="http://www.w3.org/2001/XMLSchema#string" MustBePresent="false"/>
									<Apply FunctionId="urn:oasis:names:tc:xacml:1.0:function:string-bag">
										<AttributeValue DataType="http://www.w3.org/2001/XMLSchema#string">@policy.authConsultationLast45Days.code@_active</AttributeValue>
									</Apply>
								</Apply>
							</Apply>
							<Apply FunctionId="urn:oasis:names:tc:xacml:1.0:function:and">
								<Apply FunctionId="urn:oasis:names:tc:xacml:1.0:function:string-at-least-one-member-of">
									<AttributeDesignator Category="urn:oasis:names:tc:xacml:3.0:attribute-category:environment" AttributeId="urn:xacml:3.0:environment:consents" DataType="http://www.w3.org/2001/XMLSchema#string" MustBePresent="false"/>
									<Apply FunctionId="urn:oasis:names:tc:xacml:1.0:function:string-bag">
										<AttributeValue DataType="http://www.w3.org/2001/XMLSchema#string">@policy.authConsultationLast45Days.code@_active</AttributeValue>
									</Apply>
								</Apply>
								<Apply FunctionId="urn:oasis:names:tc:xacml:1.0:function:string-equal">
									<Apply FunctionId="urn:oasis:names:tc:xacml:1.0:function:string-one-and-only">
										<AttributeDesignator Category="urn:oasis:names:tc:xacml:3.0:attribute-category:environment" AttributeId="urn:xacml:3.0:environment:creation-performed" DataType="http://www.w3.org/2001/XMLSchema#string" MustBePresent="false"/>
									</Apply>
									<Apply FunctionId="urn:oasis:names:tc:xacml:1.0:function:string-one-and-only">
										<Apply FunctionId="urn:oasis:names:tc:xacml:1.0:function:string-bag">
											<AttributeValue DataType="http://www.w3.org/2001/XMLSchema#string">NEXT_LAST_45_DAYS</AttributeValue>
										</Apply>
									</Apply>
								</Apply>
							</Apply>
						</Apply>
					</Apply>	
				</Apply>			
			</Condition>
		</Rule>
	</Policy>
	<Policy PolicyId="TutorRolePolicy.otherwise" Version="1.0" RuleCombiningAlgId="urn:oasis:names:tc:xacml:1.0:rule-combining-algorithm:first-applicable">
		<PolicyDefaults>
			<XPathVersion>http://www.w3.org/TR/1999/Rec-xpath-19991116</XPathVersion>
		</PolicyDefaults>
		<Target/>
		<Rule RuleId="TutorRolePolicy.otherwise.isDeny" Effect="Deny">
			<Target/>
		</Rule>
	</Policy>
</PolicySet>