<?xml version="1.0" encoding="UTF-8" standalone="yes"?>
<PolicySet xmlns="urn:oasis:names:tc:xacml:3.0:core:schema:wd-17" PolicySetId="MMGRolePolicy" PolicyCombiningAlgId="urn:oasis:names:tc:xacml:1.0:policy-combining-algorithm:first-applicable" Version="1.0">
	<PolicySetDefaults>
		<XPathVersion>http://www.w3.org/TR/1999/Rec-xpath-19991116</XPathVersion>
	</PolicySetDefaults>
	<Description>
		Pre-condition to active this policy-set for user with role "X1V1_MMG". 
	</Description>
	<Target>
		<AnyOf>
			<AllOf>		
				<Match MatchId="urn:oasis:names:tc:xacml:1.0:function:string-equal">
					<AttributeValue DataType="http://www.w3.org/2001/XMLSchema#string">X1V1_MMG</AttributeValue>
					<AttributeDesignator Category="urn:oasis:names:tc:xacml:1.0:subject-category:access-subject" AttributeId="urn:xacml:3.0:subject:subject-role" DataType="http://www.w3.org/2001/XMLSchema#string" MustBePresent="false"/>
				</Match>
			</AllOf>
		</AnyOf>
	</Target>
	<Policy PolicyId="MMGRolePolicy.read" Version="1.0" RuleCombiningAlgId="urn:oasis:names:tc:xacml:1.0:rule-combining-algorithm:first-applicable">
		<PolicyDefaults>
			<XPathVersion>http://www.w3.org/TR/1999/Rec-xpath-19991116</XPathVersion>
		</PolicyDefaults>
		<Description>
			Pre-condition to active this policy. Service shall be called to act a R operation (read).
		</Description>
		<Target>
			<AnyOf>
				<AllOf>
					<Match MatchId="urn:oasis:names:tc:xacml:1.0:function:string-equal">
						<AttributeValue DataType="http://www.w3.org/2001/XMLSchema#string">R</AttributeValue>
						<AttributeDesignator Category="urn:oasis:names:tc:xacml:3.0:attribute-category:action" AttributeId="urn:oasis:names:tc:xacml:1.0:action:action-id" DataType="http://www.w3.org/2001/XMLSchema#string" MustBePresent="false"/>
					</Match>
				</AllOf>
			</AnyOf>
		</Target>
		<Rule RuleId="MMGRolePolicy.read.isPermit" Effect="Permit">
			<Target />
			<Condition>
				<Apply FunctionId="urn:oasis:names:tc:xacml:1.0:function:or">
					<Description>
						This condition evaluates:
							(PatientIdentifier equals "NO_PATIENT_IDENTIFIERS")
								OR
							(
								(Esiste un @policy.authConsultationLast45Days.code@ con status "active") 
									AND 
								(la risorsa è stata creata negli ultimi 45 giorni)
							)
					</Description>
					<!-- PatientDoesntExist -->
					<Apply FunctionId="urn:oasis:names:tc:xacml:1.0:function:string-at-least-one-member-of">
						<AttributeDesignator Category="urn:oasis:names:tc:xacml:3.0:attribute-category:environment" AttributeId="urn:xacml:3.0:environment:patientId" DataType="http://www.w3.org/2001/XMLSchema#string" MustBePresent="false"/>
						<Apply FunctionId="urn:oasis:names:tc:xacml:1.0:function:string-bag">
							<AttributeValue DataType="http://www.w3.org/2001/XMLSchema#string">NO_PATIENT_IDENTIFIERS</AttributeValue>
						</Apply>
					</Apply>
					<Apply FunctionId="urn:oasis:names:tc:xacml:1.0:function:and">
						<Apply FunctionId="urn:oasis:names:tc:xacml:1.0:function:string-at-least-one-member-of">
							<AttributeDesignator Category="urn:oasis:names:tc:xacml:3.0:attribute-category:environment" AttributeId="urn:xacml:3.0:environment:consents" DataType="http://www.w3.org/2001/XMLSchema#string" MustBePresent="false"/>
							<Apply FunctionId="urn:oasis:names:tc:xacml:1.0:function:string-bag">
								<AttributeValue DataType="http://www.w3.org/2001/XMLSchema#string">@policy.authConsultationLast45Days.code@_active</AttributeValue>
							</Apply>
						</Apply>
						<Apply FunctionId="urn:oasis:names:tc:xacml:1.0:function:string-equal">
							<Apply FunctionId="urn:oasis:names:tc:xacml:1.0:function:string-one-and-only">
								<AttributeDesignator Category="urn:oasis:names:tc:xacml:3.0:attribute-category:environment" AttributeId="urn:xacml:3.0:environment:creation-performed" DataType="http://www.w3.org/2001/XMLSchema#string" MustBePresent="false"/>
							</Apply>
							<Apply FunctionId="urn:oasis:names:tc:xacml:1.0:function:string-one-and-only">
								<Apply FunctionId="urn:oasis:names:tc:xacml:1.0:function:string-bag">
									<AttributeValue DataType="http://www.w3.org/2001/XMLSchema#string">NEXT_LAST_45_DAYS</AttributeValue>
								</Apply>
							</Apply>
						</Apply>
					</Apply>
				</Apply>		
			</Condition>
		</Rule>
	</Policy>
	<Policy PolicyId="MMGRolePolicy.otherwise" Version="1.0" RuleCombiningAlgId="urn:oasis:names:tc:xacml:1.0:rule-combining-algorithm:first-applicable">
		<PolicyDefaults>
			<XPathVersion>http://www.w3.org/TR/1999/Rec-xpath-19991116</XPathVersion>
		</PolicyDefaults>
		<Target/>
		<Rule RuleId="MMGRolePolicy.otherwise.isDeny" Effect="Deny">
			<Target/>
		</Rule>
	</Policy>
</PolicySet>